Time [s],Packet ID,MOSI,MISO
1.037948248000000,0,,0x8764
1.037971632000000,0,,0x8276
1.037994936000000,0,,0x830A
1.038018104000000,0,,0x819A
1.038041512000000,0,,0xA45C
1.038065208000000,0,,0x86F8
1.038088472000000,0,,0x9D88
1.038111872000000,0,,0x83CB
1.038135224000000,0,,0x8275
1.038160072000000,0,,0xD00D
1.038183072000000,0,,0x7E83
1.038206448000000,0,,0x7DD9
1.038229896000000,0,,0x7E7E
1.038253144000000,0,,0x800E
1.038276216000000,0,,0xA116
1.038299416000000,0,,0x82E3
1.038322920000000,0,,0x99E6
1.038346336000000,0,,0x7EC0
1.038369832000000,0,,0x7D39
1.038395040000000,0,,0xD00D
1.038418488000000,0,,0x7E83
1.038441880000000,0,,0x83BC
1.038465264000000,0,,0x83F9
1.038488760000000,0,,0x7DEF
1.038512328000000,0,,0xAE32
1.038535840000000,0,,0x993D
1.038559056000000,0,,0xAB9D
1.038582560000000,0,,0x9227
1.038605840000000,0,,0x8E4D
1.038631136000000,0,,0xD00D
1.038654552000000,0,,0x84B3
1.038678176000000,0,,0xABC6
1.038702688000000,0,,0xAD12
1.038726072000000,0,,0x8238
1.038749120000000,0,,0xCD58
1.038772440000000,0,,0xC4D0
1.038795872000000,0,,0xCFD9
1.038819232000000,0,,0xBB34
1.038842792000000,0,,0xB956
1.038867880000000,0,,0xD00C
1.038891392000000,0,,0xABAA
1.038914728000000,0,,0xCC04
1.038938040000000,0,,0xCBA1
1.038961256000000,0,,0x9A64
1.038984560000000,0,,0xE008
1.039007960000000,0,,0xDC36
1.039031528000000,0,,0xE571
1.039054984000000,0,,0xCE7E
1.039078584000000,0,,0xD011
1.039103992000000,0,,0xD00D
1.039127432000000,0,,0xC450
1.039150992000000,0,,0xDC62
1.039174424000000,0,,0xDB34
1.039197784000000,0,,0xBA9A
1.039221104000000,0,,0xE82A
1.039244544000000,0,,0xE52C
1.039267664000000,0,,0xEE41
1.039290928000000,0,,0xD571
1.039314272000000,0,,0xD53D
1.039339440000000,0,,0xD00C
1.039362800000000,0,,0xCDBA
1.039386136000000,0,,0xE35E
1.039409632000000,0,,0xE19C
1.039432712000000,0,,0xD2F9
1.039455936000000,0,,0xED9F
1.039479216000000,0,,0xEB3E
1.039502512000000,0,,0xF335
1.039525896000000,0,,0xDAC0
1.039549096000000,0,,0xD887
1.039573928000000,0,,0xD00D
1.039597328000000,0,,0xD156
1.039620624000000,0,,0xE65B
1.039644040000000,0,,0xE46D
1.039667544000000,0,,0xDB18
1.039691408000000,0,,0xEF3B
1.039715072000000,0,,0xECE8
1.039738664000000,0,,0xF4DA
1.039762080000000,0,,0xDC60
1.039785576000000,0,,0xDC15
1.039810784000000,0,,0xD00C
1.039834192000000,0,,0xD537
1.039857728000000,0,,0xE74C
1.039881264000000,0,,0xE3FA
1.039904576000000,0,,0xCF52
1.039927688000000,0,,0xEFA3
1.039950872000000,0,,0xEE1E
1.039974344000000,0,,0xF640
1.039997816000000,0,,0xDE58
1.040021232000000,0,,0xDF0A
1.040046336000000,0,,0xD00C
1.040069760000000,0,,0xD536
1.040093144000000,0,,0x8F1F
1.040116720000000,0,,0x8F17
1.040139728000000,0,,0x8580
1.040163024000000,0,,0xEF70
1.040186304000000,0,,0xF011
1.040209680000000,0,,0xF888
1.040233096000000,0,,0xE1A4
1.040256168000000,0,,0xE300
1.040281040000000,0,,0xD00D
1.040304424000000,0,,0xD89A
1.040345872000000,0,,0x8624
1.040380888000000,0,,0x86A5
1.040406856000000,0,,0x82A9
1.040434160000000,0,,0xA70B
1.040462040000000,0,,0x8C6D
1.040498440000000,0,,0xA228
1.040531280000000,0,,0x8812
1.040556536000000,0,,0x8626
1.040581472000000,0,,0xD00D
1.040604792000000,0,,0xC696
1.040628192000000,0,,0x810D
1.040651760000000,0,,0x81C1
1.040675344000000,0,,0x8119
1.040698848000000,0,,0xA26E
1.040722672000000,0,,0x84C3
1.040747544000000,0,,0x9C43
1.040770816000000,0,,0x81BD
1.040794208000000,0,,0x8085
1.040818864000000,0,,0xD00D
1.040841912000000,0,,0x81A9
1.040865120000000,0,,0x7C9B
1.040888128000000,0,,0x7D14
1.040911112000000,0,,0x7F63
1.040934384000000,0,,0xA21B
1.040957640000000,0,,0x85B2
1.040980968000000,0,,0x9C04
1.041003936000000,0,,0x8048
1.041027080000000,0,,0x7DC9
1.041052232000000,0,,0xD00C
1.041075656000000,0,,0x7D3A
1.041098768000000,0,,0x8FF7
1.041121816000000,0,,0x8F95
1.041145192000000,0,,0x7DB6
1.041168480000000,0,,0xB921
1.041191864000000,0,,0xA947
1.041215264000000,0,,0xB981
1.041238224000000,0,,0xA06A
1.041261456000000,0,,0x9D77
1.041286544000000,0,,0xD00D
1.041309864000000,0,,0x90B1
1.041333072000000,0,,0xB9F0
1.041356024000000,0,,0xB9A4
1.041379344000000,0,,0x88DB
1.041402624000000,0,,0xD598
1.041426024000000,0,,0xCF74
1.041449560000000,0,,0xDB9E
1.041473048000000,0,,0xC450
1.041495824000000,0,,0xC37A
1.041520728000000,0,,0xD00D
1.041543968000000,0,,0xB71A
1.041567232000000,0,,0xD2F3
1.041589968000000,0,,0xD220
1.041613288000000,0,,0xA654
1.041636328000000,0,,0xE36E
1.041659232000000,0,,0xE00A
1.041682472000000,0,,0xEA6C
1.041705752000000,0,,0xD2FD
1.041729016000000,0,,0xD35F
1.041754784000000,0,,0xD00D
1.041777832000000,0,,0xC825
1.041800704000000,0,,0xDF7D
1.041823976000000,0,,0xDE04
1.041847128000000,0,,0xC508
1.041869808000000,0,,0xEAA0
1.041893080000000,0,,0xE862
1.041916352000000,0,,0xF169
1.041939648000000,0,,0xD9C1
1.041962976000000,0,,0xD98B
1.041987672000000,0,,0xD00C
1.042010968000000,0,,0xCF62
1.042034216000000,0,,0xE4D1
1.042057672000000,0,,0xE2F1
1.042081192000000,0,,0xD82B
1.042104456000000,0,,0xEE82
1.042127472000000,0,,0xEC1F
1.042150856000000,0,,0xF439
1.042174280000000,0,,0xDBFA
1.042197704000000,0,,0xD8B8
1.042222768000000,0,,0xD00D
1.042246024000000,0,,0xD3BF
1.042268976000000,0,,0xE6EF
1.042292192000000,0,,0xE502
1.042315512000000,0,,0xD920
1.042338736000000,0,,0xEF65
1.042361832000000,0,,0xED4D
1.042385064000000,0,,0xF563
1.042408264000000,0,,0xDD21
1.042431480000000,0,,0xDBE3
1.042456048000000,0,,0xD00D
1.042479384000000,0,,0xD3BF
1.042502880000000,0,,0xE777
1.042526376000000,0,,0xE5EC
1.042549584000000,0,,0xC626
1.042572912000000,0,,0xEF85
1.042595656000000,0,,0xEE9E
1.042619048000000,0,,0xF6F0
1.042642016000000,0,,0xDF52
1.042665016000000,0,,0xE020
1.042689776000000,0,,0xD00D
1.042712848000000,0,,0xD73A
1.042735960000000,0,,0xE20B
1.042760048000000,0,,0xE1BD
1.042783584000000,0,,0xA627
1.042806736000000,0,,0xEED1
1.042830000000000,0,,0xEFD4
1.042853472000000,0,,0xF86A
1.042876768000000,0,,0xE1E3
1.042900240000000,0,,0xE105
1.042925392000000,0,,0xD00D
1.042948272000000,0,,0xD73A
1.042971432000000,0,,0xBB51
1.042994760000000,0,,0xBAE9
1.043018136000000,0,,0x8FCF
1.043041416000000,0,,0xDAF7
1.043064560000000,0,,0xD485
1.043087696000000,0,,0xDF61
1.043111008000000,0,,0xC618
1.043134512000000,0,,0xBC19
1.043159784000000,0,,0xD00C
1.043183104000000,0,,0xB621
1.043206456000000,0,,0x95F5
1.043229576000000,0,,0x95E9
1.043252544000000,0,,0x871F
1.043275912000000,0,,0xBC09
1.043299296000000,0,,0xA850
1.043322672000000,0,,0xB99B
1.043346144000000,0,,0x9DD1
1.043369616000000,0,,0x9727
1.043394536000000,0,,0xD00D
1.043417616000000,0,,0x8765
1.043441016000000,0,,0x884F
1.043464320000000,0,,0x88BD
1.043487616000000,0,,0x8372
1.043511040000000,0,,0xAB53
1.043534576000000,0,,0x90A3
1.043557760000000,0,,0xA5EB
1.043581104000000,0,,0x8B85
1.043604600000000,0,,0x88A6
1.043629816000000,0,,0xD00D
1.043653208000000,0,,0x8764
1.043676816000000,0,,0x8276
1.043700384000000,0,,0x830A
1.043724176000000,0,,0x819A
1.043747720000000,0,,0xA45C
1.043772264000000,0,,0x86F8
1.043796408000000,0,,0x9D88
1.043819792000000,0,,0x83CB
1.043843192000000,0,,0x8275
1.043868160000000,0,,0xD00D
1.043891192000000,0,,0x82DF
1.043914472000000,0,,0x7DD9
1.043937768000000,0,,0x7E7E
1.043961056000000,0,,0x800E
1.043984328000000,0,,0xA116
1.044007784000000,0,,0x82E2
1.044030616000000,0,,0x99E6
1.044053832000000,0,,0x7EC0
1.044077080000000,0,,0x7D39
1.044102480000000,0,,0xD00D
1.044125968000000,0,,0x7E82
1.044149320000000,0,,0x83BD
1.044172776000000,0,,0x83F9
1.044195600000000,0,,0x7DEE
1.044218816000000,0,,0xAE33
1.044242392000000,0,,0x993D
1.044265872000000,0,,0xAB9D
1.044289360000000,0,,0x9227
1.044312664000000,0,,0x8E4D
1.044337928000000,0,,0xD00C
1.044361344000000,0,,0xABAB
1.044384656000000,0,,0xABC6
1.044407672000000,0,,0xAD12
1.044431000000000,0,,0x8238
1.044454360000000,0,,0xCD58
1.044477776000000,0,,0xC4D1
1.044501232000000,0,,0xCFD9
1.044524656000000,0,,0xBB34
1.044547672000000,0,,0xB956
1.044572848000000,0,,0xD00C
1.044596056000000,0,,0xABAA
1.044619472000000,0,,0xCC05
1.044642904000000,0,,0xCBA0
1.044666216000000,0,,0x9A64
1.044689560000000,0,,0xE008
1.044712640000000,0,,0xDC36
1.044735848000000,0,,0xE571
1.044759248000000,0,,0xCE7E
1.044782744000000,0,,0xD011
1.044808344000000,0,,0xD00C
1.044831680000000,0,,0xCDBA
1.044855080000000,0,,0xDC62
1.044878528000000,0,,0xDB34
1.044902080000000,0,,0xBA9A
1.044925368000000,0,,0xE82A
1.044948360000000,0,,0xE52C
1.044971536000000,0,,0xEE41
1.044994952000000,0,,0xD571
1.045018352000000,0,,0xD53D
1.045043360000000,0,,0xD00C
1.045066856000000,0,,0xCDBA
1.045090480000000,0,,0xE35E
1.045114088000000,0,,0xE19D
1.045137664000000,0,,0xD2F9
1.045161216000000,0,,0xED9E
1.045184696000000,0,,0xEB3F
1.045209352000000,0,,0xF334
1.045236440000000,0,,0xDAC7
1.045265864000000,0,,0xD88D
1.045301624000000,0,,0xD00C
1.045327920000000,0,,0xD157
1.045355152000000,0,,0xE65B
1.045381392000000,0,,0xE46D
1.045420984000000,0,,0xDB1A
1.045449192000000,0,,0xEF3A
1.045472576000000,0,,0xECE9
1.045496016000000,0,,0xF4DA
1.045519376000000,0,,0xDC60
1.045542256000000,0,,0xDC15
1.045567296000000,0,,0xD00D
1.045590736000000,0,,0xD2F8
1.045614368000000,0,,0xE74D
1.045637792000000,0,,0xE3FA
1.045661344000000,0,,0xCF52
1.045684816000000,0,,0xEFA3
1.045708256000000,0,,0xEE1E
1.045731784000000,0,,0xF640
1.045755096000000,0,,0xDE58
1.045777888000000,0,,0xDF0B
1.045803648000000,0,,0xD00C
1.045827760000000,0,,0xD536
1.045851056000000,0,,0xE684
1.045874536000000,0,,0xE43D
1.045897544000000,0,,0xB1F9
1.045920744000000,0,,0xEF70
1.045944352000000,0,,0xF011
1.045967888000000,0,,0xF888
1.045991432000000,0,,0xE1A4
1.046014976000000,0,,0xE300
1.046040056000000,0,,0xD00D
1.046063432000000,0,,0xD8F3
1.046086896000000,0,,0xCCB1
1.046110248000000,0,,0xCB5D
1.046133272000000,0,,0x95F1
1.046156464000000,0,,0xE2E1
1.046179888000000,0,,0xE3F7
1.046203416000000,0,,0xEDA9
1.046226816000000,0,,0xD64F
1.046250184000000,0,,0xCEFA
1.046274656000000,0,,0xD00D
1.046297888000000,0,,0xC696
1.046321296000000,0,,0xA013
1.046344608000000,0,,0x9F81
1.046367968000000,0,,0x8974
1.046391456000000,0,,0xC33B
1.046414216000000,0,,0xB5E6
1.046437656000000,0,,0xC64C
1.046460744000000,0,,0xAA4E
1.046483952000000,0,,0xA1AD
1.046508824000000,0,,0xD00D
1.046532080000000,0,,0x9C1A
1.046555592000000,0,,0x8B67
1.046579144000000,0,,0x8B90
1.046602656000000,0,,0x8483
1.046625784000000,0,,0xAEAC
1.046648864000000,0,,0x9687
1.046672104000000,0,,0xABA9
1.046695776000000,0,,0x8FC8
1.046719288000000,0,,0x8BE8
1.046744568000000,0,,0xD00D
1.046767816000000,0,,0x8497
1.046791248000000,0,,0x847C
1.046814968000000,0,,0x84F9
1.046838784000000,0,,0x822D
1.046862064000000,0,,0xA608
1.046885512000000,0,,0x89AE
1.046908560000000,0,,0xA01F
1.046931688000000,0,,0x8611
1.046954832000000,0,,0x8467
1.046979928000000,0,,0xD00D
1.047003488000000,0,,0x8496
1.047027072000000,0,,0x7FC2
1.047050432000000,0,,0x8051
1.047073544000000,0,,0x80AA
1.047096688000000,0,,0xA1D6
1.047119808000000,0,,0x836A
1.047143136000000,0,,0x9AB0
1.047166400000000,0,,0x802C
1.047189528000000,0,,0x7F14
1.047214584000000,0,,0xD00D
1.047237800000000,0,,0x806A
1.047261064000000,0,,0x7DC2
1.047284584000000,0,,0x7DC8
1.047308104000000,0,,0x7EC4
1.047331664000000,0,,0xA4AC
1.047355112000000,0,,0x8BBE
1.047378472000000,0,,0xA05D
1.047401640000000,0,,0x859B
1.047424912000000,0,,0x825B
1.047450088000000,0,,0xD00D
1.047473432000000,0,,0x9C6F
1.047496744000000,0,,0x98AF
1.047520112000000,0,,0x9BAE
1.047543176000000,0,,0x7E8E
1.047566208000000,0,,0xC0DA
1.047589560000000,0,,0xB5EA
1.047612848000000,0,,0xC4A1
1.047636208000000,0,,0xAD4C
1.047659528000000,0,,0xAA86
1.047684368000000,0,,0xD00D
1.047707760000000,0,,0x9C6F
1.047730992000000,0,,0xBDBB
1.047754360000000,0,,0xC26B
1.047777864000000,0,,0x8F47
1.047801264000000,0,,0xDA1A
1.047825016000000,0,,0xD5DF
1.047848864000000,0,,0xE15D
1.047872280000000,0,,0xCAA4
1.047895600000000,0,,0xCA0F
1.047920952000000,0,,0xD00C
1.047944296000000,0,,0xBDC4
1.047967408000000,0,,0xD45C
1.047990512000000,0,,0xD2D0
1.048013800000000,0,,0xAEC8
1.048037272000000,0,,0xE52D
1.048060688000000,0,,0xE22E
1.048084352000000,0,,0xEC31
1.048107768000000,0,,0xD4C1
1.048131328000000,0,,0xD513
1.048156656000000,0,,0xD00D
1.048180096000000,0,,0xD05B
1.048203568000000,0,,0xE0A9
1.048227048000000,0,,0xDDA2
1.048250272000000,0,,0xCB98
1.048273304000000,0,,0xEC1E
1.048296704000000,0,,0xE9C6
1.048320192000000,0,,0xF1C1
1.048343656000000,0,,0xDA9F
1.048367064000000,0,,0xDB3D
1.048392472000000,0,,0xD00D
1.048415904000000,0,,0xD05A
1.048439328000000,0,,0xE556
1.048462800000000,0,,0xDEB2
1.048486328000000,0,,0xDA8F
1.048509560000000,0,,0xEEDE
1.048532720000000,0,,0xEC84
1.048556032000000,0,,0xF496
1.048579400000000,0,,0xDC49
1.048602840000000,0,,0xDCF7
1.048628248000000,0,,0xD00D
1.048651744000000,0,,0xD276
1.048675136000000,0,,0xE740
1.048698600000000,0,,0xE0EA
1.048721688000000,0,,0xD5E0
1.048744992000000,0,,0xEF53
1.048768280000000,0,,0xED76
1.048791720000000,0,,0xF59B
1.048815216000000,0,,0xDD81
1.048838856000000,0,,0xDECD
1.048864608000000,0,,0xD00D
1.048887816000000,0,,0xD7AB
1.048911024000000,0,,0xE769
1.048934296000000,0,,0xE469
1.048957448000000,0,,0xBCC1
1.048980464000000,0,,0xEF80
1.049003816000000,0,,0xEF18
1.049027128000000,0,,0xF77B
1.049050400000000,0,,0xE02F
1.049073776000000,0,,0xE1D5
1.049098496000000,0,,0xD00D
1.049121744000000,0,,0xD7AB
1.049145232000000,0,,0xDB74
1.049168632000000,0,,0xDA40
1.049192064000000,0,,0x9E36
1.049215376000000,0,,0xECC6
1.049238648000000,0,,0xED68
1.049261864000000,0,,0xF621
1.049285000000000,0,,0xDF9D
1.049308264000000,0,,0xDC5E
1.049333368000000,0,,0xD00C
1.049356832000000,0,,0xD2BE
1.049379792000000,0,,0xAEA1
1.049402992000000,0,,0xADB2
1.049426304000000,0,,0x8C97
1.049449824000000,0,,0xD12B
1.049473448000000,0,,0xC741
1.049496904000000,0,,0xD5AD
1.049520440000000,0,,0xBA6B
1.049543864000000,0,,0xB08E
1.049569160000000,0,,0xD00C
1.049592616000000,0,,0xA9A0
1.049616000000000,0,,0x90C4
1.049639088000000,0,,0x90A9
1.049662296000000,0,,0x85D6
1.049685712000000,0,,0xB578
1.049709168000000,0,,0x9F96
1.049732536000000,0,,0xB3B5
1.049756016000000,0,,0x9742
1.049779560000000,0,,0x91D3
1.049804672000000,0,,0xD00D
1.049828016000000,0,,0x8E22
1.049851360000000,0,,0x86BC
1.049875472000000,0,,0x8721
1.049899072000000,0,,0x82D7
1.049922520000000,0,,0xA8F1
1.049945840000000,0,,0x8D2A
1.049968960000000,0,,0xA33D
1.049992264000000,0,,0x88D4
1.050015664000000,0,,0x86D3
1.050040832000000,0,,0xD00C
1.050064136000000,0,,0x8642
1.050087536000000,0,,0x8181
1.050118536000000,0,,0x8239
1.050161992000000,0,,0x813F
1.050191680000000,0,,0xA387
1.050219680000000,0,,0x853A
1.050246744000000,0,,0x9C30
1.050273920000000,0,,0x8248
1.050313160000000,0,,0x8119
1.050341416000000,0,,0xD00D
1.050364872000000,0,,0x8224
1.050388136000000,0,,0x7CD3
1.050411432000000,0,,0x7D50
1.050434576000000,0,,0x7F92
1.050457728000000,0,,0xA166
1.050480984000000,0,,0x846A
1.050504312000000,0,,0x9B6C
1.050527720000000,0,,0x7F7E
1.050551192000000,0,,0x7D4F
1.050576432000000,0,,0xD00C
1.050600000000000,0,,0x7D80
1.050623136000000,0,,0x8BB2
1.050646336000000,0,,0x8BEC
1.050669528000000,0,,0x7DA6
1.050692832000000,0,,0xB0FF
1.050716136000000,0,,0xA4A3
1.050739472000000,0,,0xB5A4
1.050762576000000,0,,0x9CFB
1.050785840000000,0,,0x9959
1.050810896000000,0,,0xD00C
1.050834336000000,0,,0x8CA0
1.050857680000000,0,,0xB5F4
1.050881608000000,0,,0xB62C
1.050905336000000,0,,0x8669
1.050928680000000,0,,0xCE49
1.050952024000000,0,,0xCCB9
1.050975640000000,0,,0xD784
1.050999128000000,0,,0xC266
1.051022656000000,0,,0xC167
1.051047904000000,0,,0xD00D
1.051071304000000,0,,0xC737
1.051094192000000,0,,0xD117
1.051117392000000,0,,0xD083
1.051140680000000,0,,0xA285
1.051163936000000,0,,0xE07E
1.051187256000000,0,,0xDF13
1.051210424000000,0,,0xE70F
1.051233672000000,0,,0xD26A
1.051257096000000,0,,0xD337
1.051282184000000,0,,0xD00C
1.051305544000000,0,,0xC736
1.051328824000000,0,,0xDE9D
1.051352224000000,0,,0xDD46
1.051375376000000,0,,0xC1DC
1.051398624000000,0,,0xE9A9
1.051421952000000,0,,0xE7AB
1.051445264000000,0,,0xEFC9
1.051468656000000,0,,0xD954
1.051491776000000,0,,0xD86E
1.051516664000000,0,,0xD00D
1.051540048000000,0,,0xCED0
1.051563384000000,0,,0xE46C
1.051586832000000,0,,0xE29A
1.051610376000000,0,,0xD6C0
1.051633816000000,0,,0xEE0B
1.051657256000000,0,,0xEBE8
1.051680352000000,0,,0xF3BE
1.051703648000000,0,,0xDBDA
1.051727176000000,0,,0xD3A0
1.051752448000000,0,,0xD00D
1.051775808000000,0,,0xD1C6
1.051799512000000,0,,0xE71D
1.051823072000000,0,,0xE4FE
1.051846536000000,0,,0xDA0B
1.051870336000000,0,,0xEF40
1.051894168000000,0,,0xED21
1.051918152000000,0,,0xF511
1.051942648000000,0,,0xDCE8
1.051966016000000,0,,0xD8C7
1.051993312000000,0,,0xD00A
1.052018840000000,0,,0xD3E0
1.052043056000000,0,,0xE545
1.052070592000000,0,,0xE5F9
1.052097320000000,0,,0xC962
1.052125184000000,0,,0xEF60
1.052149136000000,0,,0xEE5D
1.052174328000000,0,,0xF697
1.052199352000000,0,,0xDEF3
1.052224536000000,0,,0xDEDF
1.052251864000000,0,,0xD00C
1.052276904000000,0,,0xD8A0
1.052301824000000,0,,0xE276
1.052325944000000,0,,0xE382
1.052350032000000,0,,0xA9FD
1.052373976000000,0,,0xEF49
1.052398120000000,0,,0xF036
1.052421840000000,0,,0xF8BC
1.052445520000000,0,,0xE224
1.052470552000000,0,,0xE1F1
1.052496848000000,0,,0xD00D
1.052520168000000,0,,0xD8A0
1.052543648000000,0,,0xC07D
1.052566848000000,0,,0xC046
1.052589880000000,0,,0x919F
1.052613320000000,0,,0xDE13
1.052636568000000,0,,0xDA58
1.052659880000000,0,,0xE4A8
1.052683144000000,0,,0xCBDA
1.052706320000000,0,,0xC28C
1.052731248000000,0,,0xD00D
1.052754704000000,0,,0xBC1D
1.052777704000000,0,,0x98BA
1.052800856000000,0,,0x98B4
1.052824192000000,0,,0x87CD
1.052847648000000,0,,0xBDBE
1.052871000000000,0,,0xAC78
1.052894416000000,0,,0xBCFB
1.052918216000000,0,,0xA184
1.052942008000000,0,,0x9A45
1.052967072000000,0,,0xD00D
1.052990584000000,0,,0x881E
1.053013968000000,0,,0x8914
1.053037024000000,0,,0x8983
1.053060360000000,0,,0x83C3
1.053083512000000,0,,0xAC06
1.053106776000000,0,,0x923F
1.053130120000000,0,,0xA7A5
1.053153544000000,0,,0x8C6C
1.053176672000000,0,,0x8988
1.053201664000000,0,,0xD00D
1.053224800000000,0,,0x881E
1.053248408000000,0,,0x8329
1.053272000000000,0,,0x83C7
1.053295472000000,0,,0x81CD
1.053319200000000,0,,0xA4BD
1.053342832000000,0,,0x879B
1.053366304000000,0,,0x9FF8
1.053389736000000,0,,0x846C
1.053413192000000,0,,0x82DD
1.053438480000000,0,,0xD00D
1.053461984000000,0,,0x838C
1.053485536000000,0,,0x7E7F
1.053509064000000,0,,0x7F20
1.053532568000000,0,,0x8047
1.053555736000000,0,,0xA117
1.053579032000000,0,,0x82DB
1.053602240000000,0,,0x9AEE
1.053625584000000,0,,0x7EF1
1.053648920000000,0,,0x7D9F
1.053673992000000,0,,0xD00D
1.053697560000000,0,,0x7F38
1.053721464000000,0,,0x811D
1.053744952000000,0,,0x8169
1.053768320000000,0,,0x7E2E
1.053791392000000,0,,0xAB1B
1.053814696000000,0,,0x95BF
1.053837784000000,0,,0xA7E1
1.053861272000000,0,,0x8DBC
1.053884456000000,0,,0x8A18
1.053909584000000,0,,0xD00D
1.053932800000000,0,,0x821C
1.053957088000000,0,,0xA6E2
1.053980712000000,0,,0xA734
1.054004120000000,0,,0x80C5
1.054027184000000,0,,0xCA25
1.054050424000000,0,,0xC15D
1.054073456000000,0,,0xCE66
1.054096912000000,0,,0xB75B
1.054120448000000,0,,0xB559
1.054145776000000,0,,0xD00D
1.054169168000000,0,,0xA75C
1.054192520000000,0,,0xC958
1.054215576000000,0,,0xC920
1.054238712000000,0,,0x96D7
1.054262008000000,0,,0xDE94
1.054285352000000,0,,0xDAC8
1.054308744000000,0,,0xE59D
1.054332320000000,0,,0xCF14
1.054356088000000,0,,0xCE65
1.054381736000000,0,,0xD00D
1.054404928000000,0,,0xC2D3
1.054428392000000,0,,0xDACC
1.054451880000000,0,,0xDA32
1.054474968000000,0,,0xB702
1.054498104000000,0,,0xE736
1.054521232000000,0,,0xE42E
1.054544624000000,0,,0xEDCB
1.054567896000000,0,,0xD68A
1.054591280000000,0,,0xD68B
1.054616536000000,0,,0xD00D
1.054639816000000,0,,0xCE54
1.054663040000000,0,,0xE2C6
1.054686280000000,0,,0xE126
1.054709616000000,0,,0xD0CC
1.054733016000000,0,,0xED3E
1.054756400000000,0,,0xEAE8
1.054779936000000,0,,0xF347
1.054803032000000,0,,0xDB8F
1.054826304000000,0,,0xDB14
1.054851600000000,0,,0xD00D
1.054874960000000,0,,0xCE55
1.054898400000000,0,,0xE63C
1.054922016000000,0,,0xE436
1.054945792000000,0,,0xDB17
1.054970000000000,0,,0xEF92
1.054994168000000,0,,0xECDA
1.055017704000000,0,,0xF4E5
1.055040744000000,0,,0xDC6F
1.055063912000000,0,,0xDD0C
1.055088744000000,0,,0xD00D
1.055112088000000,0,,0xD19C
1.055135600000000,0,,0xE789
1.055159176000000,0,,0xE592
1.055182720000000,0,,0xD1B0
1.055206368000000,0,,0xEF81
1.055229712000000,0,,0xEDFF
1.055256280000000,0,,0xF629
1.055288344000000,0,,0xDB2B
1.055316840000000,0,,0xDF0D
1.055350824000000,0,,0xD00C
1.055377816000000,0,,0xD7B0
1.055404720000000,0,,0xE6EC
1.055440568000000,0,,0xE600
1.055468384000000,0,,0xB5DA
1.055494120000000,0,,0xEFB7
1.055517768000000,0,,0xEFD2
1.055542328000000,0,,0xF84C
1.055567088000000,0,,0xDF32
1.055591536000000,0,,0xE2E1
1.055617552000000,0,,0xD00C
1.055641688000000,0,,0xD7B0
1.055666672000000,0,,0xCF47
1.055690336000000,0,,0xD0CC
1.055713808000000,0,,0x985D
1.055737424000000,0,,0xE843
1.055761032000000,0,,0xE7F7
1.055784632000000,0,,0xF0F4
1.055808224000000,0,,0xD948
1.055831792000000,0,,0xD3AF
1.055857216000000,0,,0xD00D
1.055880680000000,0,,0x9E0B
1.055904200000000,0,,0xA244
1.055927912000000,0,,0xA34C
1.055951320000000,0,,0x8A42
1.055975168000000,0,,0xC870
1.055999200000000,0,,0xBBE2
1.056023256000000,0,,0xCA18
1.056047104000000,0,,0xAEBC
1.056070720000000,0,,0xA5BB
1.056095848000000,0,,0xD00D
1.056119240000000,0,,0x7D80
1.056142704000000,0,,0x7CD3
1.056166048000000,0,,0x7D50
1.056189776000000,0,,0x7F92
1.056213360000000,0,,0xA166
1.056236792000000,0,,0x846A
1.056260184000000,0,,0xAD12
1.056284288000000,0,,0x91B4
1.056307888000000,0,,0x8D73
1.056333184000000,0,,0xD00D
1.056356496000000,0,,0x8CA0
1.056380040000000,0,,0x8BB2
1.056403488000000,0,,0x8BEC
1.056427104000000,0,,0x7DA6
1.056450672000000,0,,0xB0FE
1.056474144000000,0,,0xA4A3
1.056497536000000,0,,0xB5A4
1.056520928000000,0,,0x9CFB
1.056544400000000,0,,0x9959
1.056569184000000,0,,0xD00D
1.056592312000000,0,,0xB416
1.056615576000000,0,,0xB5F4
1.056638960000000,0,,0xB62C
1.056662320000000,0,,0x8668
1.056685368000000,0,,0xCE49
1.056708528000000,0,,0xCCB8
1.056732016000000,0,,0xD785
1.056755304000000,0,,0xC266
1.056778656000000,0,,0xC166
1.056803520000000,0,,0xD00D
1.056827032000000,0,,0xB416
1.056850256000000,0,,0xD117
1.056873544000000,0,,0xD083
1.056897008000000,0,,0xA285
1.056920512000000,0,,0xE07E
1.056944024000000,0,,0xDF13
1.056967576000000,0,,0xE70F
1.056991120000000,0,,0xD26A
1.057014960000000,0,,0xD337
1.057040288000000,0,,0xD00D
1.057063608000000,0,,0xC736
1.057086880000000,0,,0xDE9D
1.057110288000000,0,,0xDD46
1.057133368000000,0,,0xC1DC
1.057156520000000,0,,0xE9A9
1.057179984000000,0,,0xE7AB
1.057203448000000,0,,0xEFC9
1.057226864000000,0,,0xD954
1.057250384000000,0,,0xD86E
1.057275392000000,0,,0xD00D
1.057298752000000,0,,0xD1C6
1.057322240000000,0,,0xE46C
1.057345304000000,0,,0xE29A
1.057368544000000,0,,0xD6C0
1.057391896000000,0,,0xEE0B
1.057415272000000,0,,0xEBE8
1.057438616000000,0,,0xF3BE
1.057462040000000,0,,0xDBDA
1.057484912000000,0,,0xD3A0
1.057510040000000,0,,0xD00D
1.057533344000000,0,,0xD1C6
1.057556704000000,0,,0xE71D
1.057580008000000,0,,0xE4FE
1.057603016000000,0,,0xDA0A
1.057626304000000,0,,0xEF41
1.057649864000000,0,,0xED21
1.057673392000000,0,,0xF511
1.057696824000000,0,,0xDCE9
1.057719984000000,0,,0xD8C6
1.057744832000000,0,,0xD00D
1.057767720000000,0,,0xD3E2
1.057790864000000,0,,0xE544
1.057814008000000,0,,0xE5FD
1.057837024000000,0,,0xC970
1.057860432000000,0,,0xEF62
1.057883848000000,0,,0xEE5C
1.057907080000000,0,,0xF697
1.057930632000000,0,,0xDEF3
1.057954216000000,0,,0xDEDF
1.057979264000000,0,,0xD00D
1.058002528000000,0,,0xD691
1.058026024000000,0,,0xE276
1.058049592000000,0,,0xE382
1.058072752000000,0,,0xA9FC
1.058096232000000,0,,0xEF49
1.058119616000000,0,,0xF036
1.058143160000000,0,,0xF8BC
1.058166536000000,0,,0xE224
1.058190088000000,0,,0xE1F3
1.058215208000000,0,,0xD00D
1.058238488000000,0,,0xBC1D
1.058261720000000,0,,0xC07D
1.058284968000000,0,,0xC047
1.058308392000000,0,,0x919F
1.058331896000000,0,,0xDE13
1.058355104000000,0,,0xDA58
1.058378672000000,0,,0xE4A8
1.058402728000000,0,,0xCBDA
1.058426192000000,0,,0xC28D
1.058452088000000,0,,0xD00D
1.058475208000000,0,,0x95A1
1.058498440000000,0,,0x98BA
1.058521968000000,0,,0x98B4
1.058545568000000,0,,0x87CC
1.058569048000000,0,,0xBDBF
1.058592152000000,0,,0xAC78
1.058615272000000,0,,0xBCFA
1.058638392000000,0,,0xA184
1.058661896000000,0,,0x9A45
1.058687040000000,0,,0xD00D
1.058710512000000,0,,0x95A1
1.058733952000000,0,,0x8914
1.058757400000000,0,,0x8983
1.058780592000000,0,,0x83C3
1.058803672000000,0,,0xAC06
1.058826960000000,0,,0x923F
1.058850312000000,0,,0xA7A4
1.058873568000000,0,,0x8C6C
1.058896944000000,0,,0x8988
1.058921608000000,0,,0xD00D
1.058944824000000,0,,0x881F
1.058968376000000,0,,0x8329
1.058991672000000,0,,0x83C6
1.059015296000000,0,,0x81CD
1.059039432000000,0,,0xA4BD
1.059062896000000,0,,0x879B
1.059086216000000,0,,0x9FF9
1.059109616000000,0,,0x846C
1.059133080000000,0,,0x82DD
1.059158144000000,0,,0xD00D
1.059181320000000,0,,0x838C
1.059204424000000,0,,0x7E7F
1.059227704000000,0,,0x7F21
1.059251288000000,0,,0x8047
1.059275056000000,0,,0xA117
1.059298392000000,0,,0x82DA
1.059321872000000,0,,0x9AEE
1.059345408000000,0,,0x7EF1
1.059368960000000,0,,0x7D9F
1.059394240000000,0,,0xD00D
1.059417688000000,0,,0x821D
1.059441208000000,0,,0x811C
1.059464656000000,0,,0x8169
1.059487728000000,0,,0x7E2E
1.059510888000000,0,,0xAB1B
1.059534128000000,0,,0x95BF
1.059557608000000,0,,0xA7E1
1.059580936000000,0,,0x8DBC
1.059604264000000,0,,0x8A19
1.059629592000000,0,,0xD00D
1.059652784000000,0,,0x821D
1.059675928000000,0,,0xA6E2
1.059699152000000,0,,0xA735
1.059722560000000,0,,0x80C5
1.059745984000000,0,,0xCA25
1.059769264000000,0,,0xC15C
1.059792704000000,0,,0xCE66
1.059815528000000,0,,0xB75A
1.059838736000000,0,,0xB559
1.059864160000000,0,,0xD00D
1.059889960000000,0,,0xA558
1.059933424000000,0,,0xC940
1.059962848000000,0,,0xC923
1.059990016000000,0,,0x96D7
1.060017528000000,0,,0xDE94
1.060046752000000,0,,0xDACC
1.060090648000000,0,,0xE595
1.060123904000000,0,,0xCF15
1.060147000000000,0,,0xCE64
1.060171992000000,0,,0xD00D
1.060195504000000,0,,0xC2D3
1.060218880000000,0,,0xDACC
1.060242064000000,0,,0xDA32
1.060265344000000,0,,0xB702
1.060288464000000,0,,0xE736
1.060311888000000,0,,0xE42E
1.060335352000000,0,,0xEDCB
1.060358776000000,0,,0xD68B
1.060382048000000,0,,0xD68B
1.060407152000000,0,,0xD00D
1.060430520000000,0,,0xCBDC
1.060453952000000,0,,0xE2C6
1.060476976000000,0,,0xE127
1.060500528000000,0,,0xD0CC
1.060524088000000,0,,0xED3E
1.060547680000000,0,,0xEAE8
1.060571152000000,0,,0xF347
1.060594488000000,0,,0xDB8F
1.060617776000000,0,,0xDB15
1.060642840000000,0,,0xD00D
1.060665952000000,0,,0xCE55
1.060689104000000,0,,0xE63C
1.060712592000000,0,,0xE436
1.060735904000000,0,,0xDB15
1.060759408000000,0,,0xEF92
1.060782752000000,0,,0xECDB
1.060806280000000,0,,0xF4E5
1.060829544000000,0,,0xDC6E
1.060852688000000,0,,0xDD0D
1.060877888000000,0,,0xD00D
1.060901232000000,0,,0xD19C
1.060924440000000,0,,0xE789
1.060947744000000,0,,0xE592
1.060971000000000,0,,0xD1B1
1.060995024000000,0,,0xEF81
1.061018784000000,0,,0xEDFF
1.061042456000000,0,,0xF62D
1.061066184000000,0,,0xDB29
1.061089912000000,0,,0xDF33
1.061115096000000,0,,0xD00D
1.061138368000000,0,,0xD4DF
1.061161800000000,0,,0xE6EE
1.061184808000000,0,,0xE604
1.061207904000000,0,,0xB5D8
1.061231216000000,0,,0xEFB6
1.061254448000000,0,,0xEFD3
1.061277776000000,0,,0xF84C
1.061300912000000,0,,0xDF32
1.061324032000000,0,,0xE2E0
1.061349320000000,0,,0xD00D
1.061372664000000,0,,0xD7B0
1.061395936000000,0,,0xCF46
1.061419384000000,0,,0xD0CD
1.061442824000000,0,,0x985D
1.061466416000000,0,,0xE843
1.061489936000000,0,,0xE7F7
1.061513384000000,0,,0xF0F4
1.061536448000000,0,,0xD948
1.061559688000000,0,,0xD3AF
1.061584944000000,0,,0xD00D
1.061608280000000,0,,0x9E0B
1.061631648000000,0,,0xA244
1.061655520000000,0,,0xA34C
1.061678856000000,0,,0x8A42
1.061702272000000,0,,0xC870
1.061725592000000,0,,0xBBE2
1.061748672000000,0,,0xCA18
1.061771808000000,0,,0xAEBC
1.061795176000000,0,,0xA5BA
1.061820392000000,0,,0xD00D
1.061843872000000,0,,0x9E0A
1.061867376000000,0,,0x8C30
1.061890824000000,0,,0x8CDA
1.061914248000000,0,,0x84E0
1.061937776000000,0,,0xAE17
1.061961184000000,0,,0x9967
1.061983936000000,0,,0xAD12
1.062007272000000,0,,0x91B5
1.062030696000000,0,,0x8D73
1.062056128000000,0,,0xD00C
1.062079496000000,0,,0x8A62
1.062102840000000,0,,0x84DE
1.062127056000000,0,,0x8593
1.062150944000000,0,,0x825B
1.062174176000000,0,,0xA4D2
1.062197744000000,0,,0x8ACA
1.062221152000000,0,,0xA0B4
1.062244592000000,0,,0x86E2
1.062267992000000,0,,0x855F
1.062293112000000,0,,0xD00D
1.062316136000000,0,,0x84C2
1.062339144000000,0,,0x802A
1.062362608000000,0,,0x80D7
1.062385976000000,0,,0x80D9
1.062408912000000,0,,0xA176
1.062432024000000,0,,0x83F1
1.062455176000000,0,,0x9A91
1.062478552000000,0,,0x80BF
1.062501880000000,0,,0x7FCD
1.062526600000000,0,,0xD00D
1.062549624000000,0,,0x7D4B
1.062573000000000,0,,0x7CBC
1.062596416000000,0,,0x7D33
1.062619800000000,0,,0x7F09
1.062643040000000,0,,0xA397
1.062665984000000,0,,0x88AC
1.062689256000000,0,,0x9DA8
1.062712680000000,0,,0x82E8
1.062736024000000,0,,0x7FFA
1.062761072000000,0,,0xD00D
1.062784472000000,0,,0x7D4B
1.062807536000000,0,,0x9623
1.062830728000000,0,,0x9671
1.062854048000000,0,,0x7E0E
1.062877576000000,0,,0xBE48
1.062900952000000,0,,0xB097
1.062924536000000,0,,0xBFCF
1.062948152000000,0,,0xA819
1.062971848000000,0,,0xA549
1.062997344000000,0,,0xD00D
1.063021128000000,0,,0xBAC1
1.063044480000000,0,,0xBEB5
1.063067864000000,0,,0xBEC3
1.063091368000000,0,,0x8C46
1.063114792000000,0,,0xD8A1
1.063138776000000,0,,0xD351
1.063162600000000,0,,0xDF02
1.063185968000000,0,,0xC6DB
1.063209376000000,0,,0xC79D
1.063234720000000,0,,0xD00D
1.063258040000000,0,,0xBAC0
1.063281552000000,0,,0xD50B
1.063305048000000,0,,0xD469
1.063328480000000,0,,0xAAFF
1.063351520000000,0,,0xE48C
1.063374648000000,0,,0xE156
1.063398048000000,0,,0xEB72
1.063421600000000,0,,0xD33C
1.063444880000000,0,,0xD468
1.063470048000000,0,,0xD00C
1.063493464000000,0,,0xC92A
1.063516400000000,0,,0xE09C
1.063539632000000,0,,0xDE4D
1.063562944000000,0,,0xC8BF
1.063586496000000,0,,0xEB93
1.063610080000000,0,,0xE93B
1.063633432000000,0,,0xF1FC
1.063656768000000,0,,0xDA0E
1.063680224000000,0,,0xDAEF
1.063705736000000,0,,0xD00D
1.063729888000000,0,,0xD242
1.063753432000000,0,,0xE554
1.063776888000000,0,,0xE18C
1.063800224000000,0,,0xD946
1.063823472000000,0,,0xEEF8
1.063847000000000,0,,0xEC63
1.063870616000000,0,,0xF46C
1.063893824000000,0,,0xDC12
1.063916832000000,0,,0xDCDA
1.063942008000000,0,,0xD00D
1.063965416000000,0,,0xD3EC
1.063988784000000,0,,0xE70A
1.064012032000000,0,,0xE445
1.064035088000000,0,,0xD57E
1.064058016000000,0,,0xEEA1
1.064081344000000,0,,0xED6D
1.064104688000000,0,,0xF57F
1.064128168000000,0,,0xDD52
1.064152136000000,0,,0xDE4D
1.064177968000000,0,,0xD00D
1.064201248000000,0,,0xD3ED
1.064224592000000,0,,0xE775
1.064247952000000,0,,0xE5E1
1.064271216000000,0,,0xC0D4
1.064294728000000,0,,0xEAAF
1.064317568000000,0,,0xEEDF
1.064340896000000,0,,0xF736
1.064364144000000,0,,0xDFC3
1.064387656000000,0,,0xE13D
1.064413024000000,0,,0xD00C
1.064436384000000,0,,0xD717
1.064459976000000,0,,0xDEDE
1.064483416000000,0,,0xDE1B
1.064507024000000,0,,0xA1B2
1.064530544000000,0,,0xEAE7
1.064553800000000,0,,0xEEDC
1.064577200000000,0,,0xF770
1.064600440000000,0,,0xE0E8
1.064623680000000,0,,0xDEF8
1.064648888000000,0,,0xD00C
1.064672312000000,0,,0xD52F
1.064695792000000,0,,0xB42A
1.064719160000000,0,,0xB3C7
1.064742040000000,0,,0x8DDD
1.064765176000000,0,,0xD3F7
1.064789944000000,0,,0xCDA5
1.064816992000000,0,,0xD94D
1.064845896000000,0,,0xC07D
1.064881208000000,0,,0xB57D
1.064910312000000,0,,0xD00C
1.064937416000000,0,,0xAEEC
1.064971200000000,0,,0x92EC
1.065000536000000,0,,0x92D9
1.065026384000000,0,,0x868D
1.065049752000000,0,,0xB75B
1.065073048000000,0,,0xA38E
1.065096368000000,0,,0xB59E
1.065119720000000,0,,0x9A90
1.065142576000000,0,,0x9405
1.065168864000000,0,,0xD00D
1.065192688000000,0,,0x8FF5
1.065215840000000,0,,0x8769
1.065238952000000,0,,0x87D5
1.065262112000000,0,,0x8315
1.065285544000000,0,,0xA977
1.065309024000000,0,,0x8EAC
1.065332624000000,0,,0xA411
1.065356216000000,0,,0x89F7
1.065379848000000,0,,0x879D
1.065404984000000,0,,0xD00D
1.065428368000000,0,,0x86B7
1.065451792000000,0,,0x81E9
1.065474840000000,0,,0x8270
1.065497880000000,0,,0x8157
1.065521192000000,0,,0xA386
1.065544584000000,0,,0x85F6
1.065568024000000,0,,0x9C91
1.065591608000000,0,,0x82FD
1.065614992000000,0,,0x81BB
1.065640136000000,0,,0xD00D
1.065663216000000,0,,0x8271
1.065686240000000,0,,0x7D2F
1.065709480000000,0,,0x7E33
1.065732736000000,0,,0x7FC3
1.065755768000000,0,,0xA118
1.065778888000000,0,,0x836C
1.065802240000000,0,,0x99E5
1.065825504000000,0,,0x7EF7
1.065848912000000,0,,0x7D27
1.065874248000000,0,,0xD00C
1.065897688000000,0,,0x7DDE
1.065920504000000,0,,0x886A
1.065943664000000,0,,0x84A5
1.065967056000000,0,,0x7DB3
1.065990536000000,0,,0xB2D8
1.066014120000000,0,,0x9FF3
1.066037696000000,0,,0xB11D
1.066061208000000,0,,0x98A8
1.066084848000000,0,,0x9681
1.066110072000000,0,,0xD00C
1.066133448000000,0,,0xB108
1.066157088000000,0,,0xB254
1.066180896000000,0,,0xAD5F
1.066204952000000,0,,0x83C9
1.066228400000000,0,,0xD03D
1.066252176000000,0,,0xC9BF
1.066275352000000,0,,0xD66C
1.066298744000000,0,,0xBFC3
1.066322048000000,0,,0xBE63
1.066347128000000,0,,0xD00D
1.066370504000000,0,,0xB108
1.066393712000000,0,,0xCF4E
1.066416912000000,0,,0xCE16
1.066440296000000,0,,0x9E5C
1.066463632000000,0,,0xDA3D
1.066487000000000,0,,0xDE0B
1.066510472000000,0,,0xE8FB
1.066533264000000,0,,0xD19B
1.066556480000000,0,,0xD1B7
1.066581664000000,0,,0xD00D
1.066604976000000,0,,0xC63D
1.066628312000000,0,,0xDDC0
1.066651104000000,0,,0xDBE3
1.066674528000000,0,,0xBEA7
1.066697920000000,0,,0xE50D
1.066721160000000,0,,0xE6D7
1.066744840000000,0,,0xED86
1.066768184000000,0,,0xD8A7
1.066791528000000,0,,0xD9DD
1.066816496000000,0,,0xD00D
1.066839488000000,0,,0xCE5D
1.066862704000000,0,,0xE43E
1.066886040000000,0,,0xE1F8
1.066909368000000,0,,0xD53A
1.066932824000000,0,,0xECB5
1.066955968000000,0,,0xEBAA
1.066979280000000,0,,0xF005
1.067002592000000,0,,0xDBC5
1.067026080000000,0,,0xDC83
1.067051168000000,0,,0xD00C
1.067074616000000,0,,0xD1A7
1.067097928000000,0,,0xE719
1.067120992000000,0,,0xE4D2
1.067144264000000,0,,0xDA8D
1.067167504000000,0,,0xEEBF
1.067190824000000,0,,0xED00
1.067214672000000,0,,0xF36C
1.067238256000000,0,,0xDCC6
1.067262224000000,0,,0xD978
1.067287408000000,0,,0xD00D
1.067310760000000,0,,0xD5E0
1.067334224000000,0,,0xE768
1.067357592000000,0,,0xE5F2
1.067380904000000,0,,0xCBF7
1.067403960000000,0,,0xEF42
1.067427080000000,0,,0xEE34
1.067450464000000,0,,0xF5FA
1.067473976000000,0,,0xDEB2
1.067497584000000,0,,0xD9FF
1.067522808000000,0,,0xD00D
1.067546248000000,0,,0xD5E1
1.067569560000000,0,,0xE38D
1.067592992000000,0,,0xE27D
1.067616472000000,0,,0xAD3F
1.067639680000000,0,,0xEF83
1.067662888000000,0,,0xF03A
1.067686168000000,0,,0xF896
1.067709616000000,0,,0xE213
1.067732968000000,0,,0xE06F
1.067758000000000,0,,0xD00D
1.067781056000000,0,,0xD8EE
1.067804408000000,0,,0xC4B7
1.067827824000000,0,,0xC30C
1.067851184000000,0,,0x9348
1.067874560000000,0,,0xE167
1.067897968000000,0,,0xDEE4
1.067921384000000,0,,0xE8D4
1.067944856000000,0,,0xD091
1.067968128000000,0,,0xC7AC
1.067993000000000,0,,0xD00D
1.068016408000000,0,,0x9837
1.068039960000000,0,,0x9B5F
1.068063376000000,0,,0x9AAE
1.068087080000000,0,,0x886E
1.068110720000000,0,,0xBFB1
1.068134272000000,0,,0xB06B
1.068157760000000,0,,0xC06F
1.068181360000000,0,,0xA4E9
1.068204936000000,0,,0x9CF0
1.068230264000000,0,,0xD00C
1.068254992000000,0,,0x88C2
1.068279032000000,0,,0x89DD
1.068302536000000,0,,0x8A11
1.068325888000000,0,,0x840F
1.068349232000000,0,,0xAC2C
1.068372728000000,0,,0x9434
1.068395768000000,0,,0xA812
1.068418912000000,0,,0x8DAB
1.068442216000000,0,,0x8A6F
1.068467472000000,0,,0xD00C
1.068491080000000,0,,0x88C3
1.068514592000000,0,,0x83C9
1.068537984000000,0,,0x844D
1.068561280000000,0,,0x81F1
1.068584728000000,0,,0xA4DF
1.068607568000000,0,,0x889D
1.068630936000000,0,,0x9D81
1.068654240000000,0,,0x8506
1.068677512000000,0,,0x8366
1.068702744000000,0,,0xD00D
1.068725744000000,0,,0x7FD2
1.068748872000000,0,,0x7F17
1.068772216000000,0,,0x7FAF
1.068795816000000,0,,0x806F
1.068819400000000,0,,0xA132
1.068842752000000,0,,0x830C
1.068866224000000,0,,0x9906
1.068889720000000,0,,0x7F5D
1.068913112000000,0,,0x7E17
1.068938392000000,0,,0xD00C
1.068961576000000,0,,0x7FD2
1.068984520000000,0,,0x7EDD
1.069007864000000,0,,0x7F5D
1.069031104000000,0,,0x7E6B
1.069054696000000,0,,0xA85B
1.069078088000000,0,,0x9061
1.069101328000000,0,,0xA38B
1.069124536000000,0,,0x89CB
1.069147816000000,0,,0x8648
1.069172864000000,0,,0xD00D
1.069196272000000,0,,0x8008
1.069219656000000,0,,0xA17B
1.069243088000000,0,,0xA21C
1.069267056000000,0,,0x7F9A
1.069292256000000,0,,0xC6B2
1.069315600000000,0,,0xBC11
1.069338904000000,0,,0xC9F3
1.069362208000000,0,,0xB31A
1.069385264000000,0,,0xB0C3
1.069410528000000,0,,0xD00D
1.069433984000000,0,,0xA2BD
1.069457552000000,0,,0xC644
1.069480888000000,0,,0xC640
1.069504224000000,0,,0x9381
1.069527704000000,0,,0xDD47
1.069550840000000,0,,0xD89F
1.069574064000000,0,,0xE3C1
1.069597304000000,0,,0xCD17
1.069620704000000,0,,0xCCBB
1.069646120000000,0,,0xD00D
1.069671712000000,0,,0xC084
1.069715024000000,0,,0xD89C
1.069746296000000,0,,0xD79F
1.069774248000000,0,,0xB396
1.069800416000000,0,,0xE4BB
1.069827968000000,0,,0xE382
1.069862216000000,0,,0xECFF
1.069892632000000,0,,0xD57F
1.069919408000000,0,,0xD62F
1.069944840000000,0,,0xD00C
1.069968280000000,0,,0xCAE7
1.069991760000000,0,,0xE22D
1.070015184000000,0,,0xE08C
1.070038624000000,0,,0xCEAB
1.070061984000000,0,,0xEA91
1.070085496000000,0,,0xE97D
1.070108232000000,0,,0xF2D9
1.070131520000000,0,,0xDB2D
1.070154776000000,0,,0xDB99
1.070180016000000,0,,0xD00D
1.070203376000000,0,,0xD0CD
1.070226272000000,0,,0xE5F0
1.070249528000000,0,,0xE400
1.070273008000000,0,,0xDAEF
1.070296912000000,0,,0xEE2E
1.070320176000000,0,,0xEA5C
1.070343624000000,0,,0xF4C1
1.070367176000000,0,,0xDB33
1.070390600000000,0,,0xDD1F
1.070416192000000,0,,0xD00D
1.070439448000000,0,,0xD4E8
1.070462704000000,0,,0xE77A
1.070485408000000,0,,0xE5A4
1.070508592000000,0,,0xD3D7
1.070532104000000,0,,0xEF2D
1.070555472000000,0,,0xEC97
1.070578920000000,0,,0xF5EB
1.070602528000000,0,,0xDA80
1.070625928000000,0,,0xDF2F
1.070651224000000,0,,0xD00C
1.070674336000000,0,,0xD4E9
1.070697512000000,0,,0xE779
1.070720744000000,0,,0xE647
1.070744032000000,0,,0xB9AD
1.070767344000000,0,,0xEF8A
1.070790824000000,0,,0xEF2C
1.070814288000000,0,,0xF7F2
1.070837448000000,0,,0xDF11
1.070860632000000,0,,0xE28E
1.070885832000000,0,,0xD00C
1.070909216000000,0,,0xD85D
1.070932592000000,0,,0xD4FF
1.070955816000000,0,,0xD596
1.070978920000000,0,,0x9B01
1.071002096000000,0,,0xEA62
1.071025448000000,0,,0xEAA8
1.071048840000000,0,,0xF399
1.071072392000000,0,,0xDC67
1.071095936000000,0,,0xD7EB
1.071121152000000,0,,0xD00D
1.071144504000000,0,,0xA3F3
1.071167568000000,0,,0xA750
1.071190816000000,0,,0xA7A0
1.071214256000000,0,,0x8B35
1.071237640000000,0,,0xCBF9
1.071261200000000,0,,0xC115
1.071284760000000,0,,0xCE93
1.071308744000000,0,,0xB3AF
1.071332208000000,0,,0xAA46
1.071357200000000,0,,0xD00D
1.071380424000000,0,,0xA3F3
1.071403872000000,0,,0x8DFE
1.071427216000000,0,,0x8E64
1.071450304000000,0,,0x854B
1.071473512000000,0,,0xB29E
1.071496896000000,0,,0x9C1F
1.071520160000000,0,,0xAF71
1.071543584000000,0,,0x93F0
1.071566688000000,0,,0x8F31
1.071591536000000,0,,0xD00D
1.071614976000000,0,,0x8C2E
1.071638392000000,0,,0x85A5
1.071661784000000,0,,0x864F
1.071685368000000,0,,0x828E
1.071708936000000,0,,0xA788
1.071732320000000,0,,0x8BEE
1.071755744000000,0,,0xA121
1.071778816000000,0,,0x87AA
1.071801960000000,0,,0x85EB
1.071827120000000,0,,0xD00D
1.071850408000000,0,,0xB108
1.071873784000000,0,,0xB254
1.071897200000000,0,,0xAD5E
1.071920520000000,0,,0x83C9
1.071943664000000,0,,0xD03D
1.071966968000000,0,,0x84AB
1.071990520000000,0,,0x9AB7
1.072013920000000,0,,0x815A
1.072037400000000,0,,0x8056
1.072062504000000,0,,0xD00D
1.072085816000000,0,,0x816F
1.072109120000000,0,,0xCF4E
1.072132256000000,0,,0xCE16
1.072155544000000,0,,0x9E5C
1.072178992000000,0,,0xDA3D
1.072202352000000,0,,0xDE0B
1.072225800000000,0,,0xE8FB
1.072249240000000,0,,0xD19B
1.072272688000000,0,,0xD1B7
1.072297456000000,0,,0xD00D
1.072320920000000,0,,0xCE5D
1.072344336000000,0,,0xDDC0
1.072367960000000,0,,0xDBE2
1.072391288000000,0,,0xBEA7
1.072414624000000,0,,0xE50D
1.072438016000000,0,,0xE6D7
1.072461360000000,0,,0xED87
1.072484688000000,0,,0xD8A6
1.072507568000000,0,,0xD9DD
1.072532760000000,0,,0xD00D
1.072556088000000,0,,0xCE5D
1.072579480000000,0,,0xE43F
1.072603032000000,0,,0xE1F8
1.072626504000000,0,,0xD53A
1.072650032000000,0,,0xECB5
1.072673576000000,0,,0xEBAA
1.072697320000000,0,,0xF005
1.072721000000000,0,,0xDBC5
1.072744592000000,0,,0xDC83
1.072769848000000,0,,0xD00D
1.072793440000000,0,,0xD1A6
1.072816968000000,0,,0xE719
1.072840472000000,0,,0xE4D2
1.072863920000000,0,,0xDA8D
1.072887328000000,0,,0xEEBF
1.072910776000000,0,,0xED00
1.072933904000000,0,,0xF36C
1.072957168000000,0,,0xDCC6
1.072980592000000,0,,0xD978
1.073005776000000,0,,0xD00D
1.073029320000000,0,,0xD36E
1.073052848000000,0,,0xE768
1.073076408000000,0,,0xE5F2
1.073099896000000,0,,0xCBF7
1.073123272000000,0,,0xEF42
1.073146712000000,0,,0xEE34
1.073170304000000,0,,0xF5FA
1.073193664000000,0,,0xDEB2
1.073217272000000,0,,0xD9FF
1.073242360000000,0,,0xD00D
1.073265744000000,0,,0xD5E1
1.073288776000000,0,,0xE38D
1.073312056000000,0,,0xE27D
1.073335504000000,0,,0xAD3F
1.073359376000000,0,,0xEF82
1.073383000000000,0,,0xF03A
1.073406352000000,0,,0xF896
1.073429920000000,0,,0xE213
1.073453272000000,0,,0xE06F
1.073478424000000,0,,0xD00C
1.073501816000000,0,,0xD8EE
1.073525120000000,0,,0xC4B7
1.073548160000000,0,,0xC30C
1.073571344000000,0,,0x9348
1.073594760000000,0,,0xE167
1.073618112000000,0,,0xDEE4
1.073641424000000,0,,0xE8D4
1.073664904000000,0,,0xD091
1.073688408000000,0,,0xC7AC
1.073713720000000,0,,0xD00C
