0.71253556,0,0xD284,0x8350,0xBDBB,0xBDBB,0xD123,0xA14D,0xA14D,0x7F38,0x7EDA,0x7EDA,,0.712586328,0x8168,33128,0x8187,33159,0x8B9E,35742,0x9569,38249,0xE80F,59407,0x8481,33921,0x8495,33941,0x7F38,32568,0x80C3,32963,0x8007,32775
0.712552584,0,0xD6F7,0x8167,0xD188,0xD188,0xEC2B,0x8C3F,0x8C3F,0x8975,0x80C3,0x80C3,,0.712755448,0x80F7,33015,0x818B,33163,0x8733,34611,0x89CC,35276,0xF551,62801,0x832C,33580,0x832A,33578,0x7CCE,31950,0x800C,32780,0x7F63,32611
0.712569512,0,0xD693,0x8224,0xC8C0,0xC8C0,0xE8E9,0x8A40,0x8A40,0x7B0A,0x8007,0x8007,,0.713062592,0x802A,32810,0x8190,33168,0x82C6,33478,0x81FE,33278,0xF85F,63583,0x825A,33370,0x8259,33369,0x7CCE,31950,0x7F5E,32606,0x7EAB,32427
0.712586328,0,0x8187,0x8168,0xD45A,0xD45A,0xF0B7,0x8F72,0x8F72,0x78EB,0x7FC2,0x7FC2,,0.713235096,0x7F80,32640,0x8191,33169,0x8226,33318,0x8176,33142,0xF68A,63114,0x81BB,33211,0x819C,33180,0x8B93,35731,0x7E52,32338,0x7D47,32071
0.712603096,0,0xE872,0xA168,0x8B9E,0x8B9E,0xEEA6,0x8B83,0x8B83,0xB567,0x9C9B,0x9C9B,,0.713404552,0x7E98,32408,0x8194,33172,0x81D8,33240,0x8084,32900,0xEE40,60992,0x815C,33116,0x80CB,32971,0x8B93,35731,0x7CDE,31966,0x7FE6,32742
0.712619832,0,0xE612,0x820E,0x9569,0x9569,0xEBFC,0x8A49,0x8A49,0x8204,0x8062,0x8062,,0.713574648,0x9726,38694,0x8194,33172,0x8159,33113,0x7F91,32657,0xDEDC,57052,0x80D1,32977,0x8003,32771,0xBB4B,47947,0x7FE7,32743,0x8D29,36137
0.7126366,0,0xF257,0x973F,0xAC9B,0xAC9B,0xE80F,0x913F,0x913F,0x9C40,0x91C0,0x91C0,,0.713745776,0xAF0C,44812,0x8191,33169,0x80AA,32938,0x7ED8,32472,0xC982,51586,0x800E,32782,0x7F4D,32589,0xBB4B,47947,0x8FE1,36833,0xA052,41042
0.7126536,0,0xDC38,0x819C,0xAF18,0xAF18,0xD837,0x8481,0x8481,0xB496,0x806D,0x806D,,0.713917992,0xC8CD,51405,0x818E,33166,0x800C,32780,0x7DF1,32241,0xAF56,44886,0x7FB1,32689,0x7E55,32341,0xE647,58951,0xA665,42597,0xB44F,46159
0.712670176,0,0xDD2E,0x805F,0xAEBC,0xAEBC,0xD8FE,0x8495,0x8495,0xA95E,0x7F0B,0x7F0B,,0.714087184,0xDD68,56680,0x818E,33166,0x7EDD,32477,0x7C93,31891,0x9763,38755,0x7F0E,32526,0x7CE4,31972,0xE647,58951,0xBF74,49012,0xC72A,50986
0.712688008,0,0xD00D,0xD00D,0xD00D,0xD00D,0xD00D,0xD00D,0xD00D,0xD00D,0xD00D,0xD00D,,0.714258216,0xEB32,60210,0x818F,33167,0x7D2B,32043,0x81D1,33233,0x8AFD,35581,0x7D61,32097,0x8033,32819,0xF682,63106,0xD662,54882,0xD7B1,55217
0.71270496,0,0xD2A2,0x816A,0xBDBB,0xBDBB,0xD3B6,0x9813,0x9813,0x7CCE,0x7EDA,0x7EDA,,0.714427448,0xF41D,62493,0x818E,33166,0x823C,33340,0x91F9,37369,0x8647,34375,0x8066,32870,0x8E8F,36495,0xF682,63106,0xE9B6,59830,0xE584,58756
0.712721464,0,0xD6EF,0x7F1E,0xA307,0xA307,0xED9D,0x87B6,0x87B6,0x9B11,0x800C,0x800C,,0.71459704,0xFA0D,64013,0x8191,33169,0x94FC,38140,0xA6C1,42689,0x842E,33838,0x9049,36937,0xA201,41473,0xF4B9,62649,0xF53D,62781,0xEF43,61251
0.712738304,0,0xD534,0x7FB6,0x9DF4,0x9DF4,0xEA3B,0x85EE,0x85EE,0x9122,0x7F63,0x7F63,,0.714766608,0xF4B4,62644,0x8190,33168,0xADB2,44466,0xBAAD,47789,0x82F0,33520,0xA774,42868,0xB51B,46363,0xE600,58880,0xF7B8,63416,0xF3D8,62424
0.712755448,0,0x818B,0x80F7,0xAB1E,0xAB1E,0xF1E5,0x8902,0x8902,0x8E5C,0x7F0D,0x7F0D,,0.714935896,0xEA13,59923,0x818F,33167,0xC6AD,50861,0xCD10,52496,0x8217,33303,0xBFBD,49085,0xC758,51032,0xE600,58880,0xF778,63352,0xF33B,62267
0.712794416,0,0xE5F0,0x9EE8,0x8733,0x8733,0xF0D6,0x86F7,0x86F7,0xC3D6,0x9CD9,0x9CD9,,0.715105448,0xD9F4,55796,0x818E,33166,0xDA31,55857,0xDBBC,56252,0x816F,33135,0xD661,54881,0xD83F,55359,0xBA8C,47756,0xEDE2,60898,0xED5B,60763
0.712848792,0,0xE490,0x821A,0x89CC,0x89CC,0xEE0E,0x8611,0x8611,0xA370,0x7EE1,0x7EE1,,0.715275992,0xC614,50708,0x8190,33168,0xE683,59011,0xE5EC,58860,0x80F9,33017,0xE8D6,59606,0xE5F1,58865,0xA0B7,41143,0xDFCB,57291,0xE2EE,58094
0.712903,0,0xF247,0x90AE,0x9230,0x9230,0xF551,0x8A4D,0x8A4D,0xB7EF,0x913D,0x913D,,0.715445456,0xACDB,44251,0x8193,33171,0xF0B0,61616,0xEF80,61312,0x80A7,32935,0xF559,62809,0xEF31,61233,0xA0B7,41143,0xCD67,52583,0xD53D,54589
0.712960256,0,0xDC54,0x80AE,0x92EB,0x92EB,0xDCD6,0x832C,0x832C,0xC276,0x7F69,0x7F69,,0.715614536,0x95E4,38372,0x818C,33164,0xF874,63604,0xF407,62471,0x7FD7,32727,0xFAEB,64235,0xF3DC,62428,0x8FC5,36805,0xB55B,46427,0xC4A2,50338
0.712977128,0,0xDD25,0x7F97,0x92B5,0x92B5,0xD8F9,0x832A,0x832A,0xBE87,0x7E13,0x7E13,,0.715783496,0x8A78,35448,0x8185,33157,0xF82A,63530,0xF29D,62109,0x7C61,31841,0xF744,63300,0xF350,62288,0x893E,35134,0x9BF7,39927,0xAF5C,44892
0.712995304,0,0xD00D,0xD00D,0xD00D,0xD00D,0xD00D,0xD00D,0xD00D,0xD00D,0xD00D,0xD00D,,0.71595296,0x8638,34360,0x818A,33162,0xEF3D,61245,0xEBF9,60409,0x835C,33628,0xF089,61577,0xECC7,60615,0x8469,33897,0x8D0C,36108,0x98C4,39108
0.713012032,0,0xD2A2,0x7E57,0x848F,0x848F,0xD3B6,0x91C7,0x91C7,0x7CCE,0x7C7B,0x7C7B,,0.716121904,0x8444,33860,0x818C,33164,0xDFD5,57301,0xE0A7,57511,0x968A,38538,0xE3C1,58305,0xE0DD,57565,0x8469,33897,0x872F,34607,0x8B76,35702
0.713028784,0,0xD6DE,0x7E98,0x8472,0x8472,0xEE3A,0x85AE,0x85AE,0xB99D,0x7F5E,0x7F5E,,0.716292056,0x8322,33570,0x818E,33166,0xC9D9,51673,0xD36E,54126,0xAE70,44656,0xD03F,53311,0xD2A7,53927,0x8214,33300,0x84CC,33996,0x8656,34390
0.7130458,0,0xD6D6,0x7F3A,0x841C,0x841C,0xEB39,0x8423,0x8423,0xB6D8,0x7EAB,0x7EAB,,0.716461368,0x8256,33366,0x8191,33169,0xAFD4,45012,0xC247,49735,0xC6C1,50881,0xB744,46916,0xC2D2,49874,0x8214,33300,0x838C,33676,0x8412,33810
0.713062592,0,0x8190,0x802A,0x8D04,0x8D04,0xF285,0x8582,0x8582,0xBF17,0x7D8A,0x7D8A,,0.71663096,0x81CD,33229,0x8189,33161,0x97EF,38895,0xABB8,43960,0xDA51,55889,0x9D36,40246,0xAEEB,44779,0x8130,33072,0x82A2,33442,0x82CE,33486
0.71307944,0,0xE49D,0x9F51,0x82C6,0x82C6,0xEF28,0x84E6,0x84E6,0xD8E5,0x9D95,0x9D95,,0.716800256,0x8168,33128,0x8187,33159,0x8B9E,35742,0x9569,38249,0xE80F,59407,0x8DDA,36314,0x98C3,39107,0x8130,33072,0x81E1,33249,0x8246,33350
0.713096216,0,0xE64F,0x8008,0x81FE,0x81FE,0xEE29,0x846A,0x846A,0xCDA9,0x7CA7,0x7CA7,,0.716969776,0x80F7,33015,0x818B,33163,0x8733,34611,0x89CC,35276,0xF551,62801,0x880E,34830,0x8B46,35654,0x7FA0,32672,0x8158,33112,0x81A8,33192
0.713113024,0,0xF24D,0x96E4,0x830C,0x830C,0xF85F,0x86B5,0x86B5,0xDB3E,0x90FC,0x90FC,,0.717140032,0x802A,32810,0x8190,33168,0x854A,34122,0x8576,34166,0xF85F,63583,0x858A,34186,0x85FF,34303,0x7ED0,32464,0x810A,33034,0x808E,32910
0.713129864,0,0xDAC5,0x7F95,0x88FC,0x88FC,0xDE3B,0x825A,0x825A,0xCFAF,0x7D2D,0x7D2D,,0.717309984,0x7F80,32640,0x8191,33169,0x8421,33825,0x8369,33641,0xF68A,63114,0x83E4,33764,0x83D8,33752,0x7ED0,32464,0x805E,32862,0x7FB6,32694
0.713146688,0,0xDD2F,0x7EB8,0x88F9,0x88F9,0xDAF2,0x8259,0x8259,0xCFC6,0x7BD6,0x7BD6,,0.717480832,0x7E98,32408,0x8194,33172,0x8340,33600,0x825E,33374,0xEE40,60992,0x82CB,33483,0x82C8,33480,0x7C39,31801,0x7FBF,32703,0x7F25,32549
0.713166136,0,0xD00D,0xD00D,0xD00D,0xD00D,0xD00D,0xD00D,0xD00D,0xD00D,0xD00D,0xD00D,,0.71765,0x7D3B,32059,0x8194,33172,0x8281,33409,0x81CC,33228,0xDEDC,57052,0x820F,33295,0x8203,33283,0x7C39,31801,0x7EF8,32504,0x7E25,32293
0.713184384,0,0xD29C,0x7E57,0x8337,0x8337,0xD0C6,0x91C7,0x91C7,0x8B93,0x7A84,0x7A84,,0.717956688,0x7DC7,32199,0x8191,33169,0x8203,33283,0x8146,33094,0xC982,51586,0x8186,33158,0x815A,33114,0xD267,53863,0x7DBF,32191,0x7D2B,32043
0.713201536,0,0xD6CD,0x7D17,0x838E,0x838E,0xEE3A,0x84D0,0x84D0,0xCB85,0x7E52,0x7E52,,0.718126576,0x8A41,35393,0x818E,33166,0x81C3,33219,0x8018,32792,0xAF56,44886,0x8139,33081,0x8077,32887,0xD267,53863,0x7CE7,31975,0x848E,33934
0.713218632,0,0xD836,0x7DB4,0x837B,0x837B,0xE8D0,0x837A,0x837A,0xCC3C,0x7D47,0x7D47,,0.71829788,0xA11F,41247,0x818E,33166,0x80F9,33017,0x7F30,32560,0x9763,38755,0x8077,32887,0x7FB8,32696,0xEFC8,61384,0x85A4,34212,0x95DB,38363
0.713235096,0,0x8191,0x7F80,0x8BA1,0x8BA1,0xF2A2,0x83C0,0x83C0,0xDA5E,0x7AEE,0x7AEE,,0.718468488,0xBB4D,47949,0x818F,33167,0x8067,32871,0x7E78,32376,0x8AFD,35581,0x7FE3,32739,0x7F00,32512,0xEFC8,61384,0x99FC,39420,0xA9D6,43478
0.713251864,0,0xE676,0x9F02,0x8226,0x8226,0xEFF5,0x83E0,0x83E0,0xE595,0xA05D,0xA05D,,0.718637824,0xD2E4,53988,0x818E,33166,0x7F96,32662,0x7D47,32071,0x8647,34375,0x7F81,32641,0x7DCF,32207,0xF682,63106,0xB192,45458,0xBCCF,48335
0.713268688,0,0xE7B5,0x8181,0x8176,0x8176,0xEC85,0x83C0,0x83C0,0xE1BA,0x819B,0x819B,,0.718808064,0xE5CE,58830,0x8191,33169,0x7DFF,32255,0x7D05,32005,0x842E,33838,0x7E7C,32380,0x7CDD,31965,0xF4B9,62649,0xCB1A,51994,0xCE92,52882
0.713285392,0,0xF255,0x9771,0x8247,0x8247,0xF68A,0x84BA,0x84BA,0xEB7B,0x965F,0x965F,,0.718978264,0xF33A,62266,0x8190,33168,0x7DC5,32197,0x87C0,34752,0x82F0,33520,0x7D40,32064,0x84A5,33957,0xF4B9,62649,0xE00B,57355,0xDE6C,56940
0.713302216,0,0xDA10,0x7DB1,0x82D4,0x82D4,0xDBD0,0x81BB,0x81BB,0xD6DA,0x7C27,0x7C27,,0.719147464,0xFA8E,64142,0x8194,33172,0x8A22,35362,0x9C02,39938,0x8217,33303,0x8441,33857,0x95E6,38374,0xE600,58880,0xEF3D,61245,0xEAED,60141
0.713319096,0,0xDD3B,0x7CB0,0x8281,0x8281,0xDCD7,0x819C,0x819C,0xD7B1,0x7AA0,0x7AA0,,0.719317048,0xFB74,64372,0x8196,33174,0xA04E,41038,0xB046,45126,0x816F,33135,0x9727,38695,0xA977,43383,0xBA8C,47756,0xEDE3,60899,0xED5A,60762
0.713337192,0,0xD00D,0xD00D,0xD00D,0xD00D,0xD00D,0xD00D,0xD00D,0xD00D,0xD00D,0xD00D,,0.71948636,0xF518,62744,0x8192,33170,0xB83A,47162,0xC159,49497,0x80F9,33017,0xB04A,45130,0xBC4C,48204,0xBA8C,47756,0xDFCB,57291,0xE2EE,58094
0.713354056,0,0xD298,0x7A01,0x7FCC,0x7FCC,0xD5C8,0x9037,0x9037,0x8B93,0x7A84,0x7A84,,0.719655944,0xE850,59472,0x8190,33168,0xD01D,53277,0xD2E7,53991,0x80A7,32935,0xC96C,51564,0xCEA4,52900,0x8FC5,36805,0xCD66,52582,0xD53D,54589
0.713370976,0,0xD6E8,0x7A31,0x8031,0x8031,0xF005,0x816F,0x816F,0xD4A2,0x7CDE,0x7CDE,,0.71982528,0xD5A3,54691,0x8191,33169,0xE3E8,58344,0xE1D4,57812,0x7FD7,32727,0xDF0E,57102,0xDE93,56979,0x8FC5,36805,0xB55B,46427,0xC4A2,50338
0.713387752,0,0xD87A,0x7AC1,0x800C,0x800C,0xEA30,0x8033,0x8033,0xD76A,0x7FE6,0x7FE6,,0.719994896,0xBDB1,48561,0x8193,33171,0xF211,61969,0xEDC6,60870,0x7F33,32563,0xF744,63300,0xF350,62288,0x864D,34381,0x9BF7,39927,0xAF5C,44892
0.713404552,0,0x8194,0x7E98,0x886F,0x886F,0xF4A2,0x8029,0x8029,0xE4D9,0x89AC,0x89AC,,0.7201644,0xA2D4,41684,0x8196,33174,0xF97F,63871,0xF313,62227,0x7E59,32345,0xF089,61577,0xECC7,60615,0x864D,34381,0x8D0D,36109,0x98C4,39108
0.713421464,0,0xE4D3,0xA142,0x81D8,0x81D8,0xF072,0x8067,0x8067,0xEC91,0xBB1C,0xBB1C,,0.720333848,0x902F,36911,0x8196,33174,0xF725,63269,0xF477,62583,0x7D3E,32062,0xE3C1,58305,0xE0DD,57565,0x830B,33547,0x872F,34607,0x8B76,35702
0.713438376,0,0xE779,0x87F7,0x8084,0x8084,0xEFD4,0x8063,0x8063,0xE5A7,0xAA88,0xAA88,,0.720504992,0x8858,34904,0x8199,33177,0xF351,62289,0xF0FC,61692,0x7DB2,32178,0xD03F,53311,0xD2A7,53927,0x830B,33547,0x84CC,33996,0x8656,34390
0.713455584,0,0xF25A,0x98C2,0x7FE9,0x7FE9,0xEE40,0x8134,0x8134,0xF0DA,0xB7FB,0xB7FB,,0.720673648,0x855B,34139,0x8196,33174,0xE931,59697,0xE7E5,59365,0x891C,35100,0xB744,46916,0xC2D2,49874,0x8214,33300,0x838C,33676,0x8413,33811
0.71347236,0,0xDB20,0x7D2F,0x8048,0x8048,0xDBB8,0x815C,0x815C,0xDA4D,0x9C16,0x9C16,,0.720843432,0x83D3,33747,0x8195,33173,0x97EF,38895,0xABB8,43960,0x9DEC,40428,0x9D36,40246,0xAEEB,44779,0x8130,33072,0x82A2,33442,0x82CE,33486
0.713489248,0,0xDD36,0x79FC,0x7FDA,0x7FDA,0xDD64,0x80CB,0x80CB,0xDAB6,0x9B41,0x9B41,,0.721013152,0x82D3,33491,0x8190,33168,0x8B9E,35742,0x9569,38249,0xB751,46929,0x8DDA,36314,0x98C3,39107,0x8130,33072,0x81E1,33249,0x8228,33320
0.7135072,0,0xD00D,0xD00D,0xD00D,0xD00D,0xD00D,0xD00D,0xD00D,0xD00D,0xD00D,0xD00D,,0.721183352,0x80F7,33015,0x818D,33165,0x8733,34611,0x89CC,35276,0xCF32,53042,0x880E,34830,0x8B46,35654,0x7FA0,32672,0x8158,33112,0x81A8,33192
0.713523952,0,0xD29E,0x7A01,0x7FCC,0x7FCC,0xD65C,0x8DAF,0x8DAF,0xBB4B,0x91D9,0x91D9,,0.721352976,0x802A,32810,0x818A,33162,0x854A,34122,0x8576,34166,0xE307,58119,0x858A,34186,0x85FF,34303,0x7FA0,32672,0x808E,32910,0x803B,32827
0.71354096,0,0xD738,0xD311,0x7F65,0x7F65,0xF01F,0x807F,0x807F,0xDDE1,0x7FE7,0x7FE7,,0.721522272,0x7F80,32640,0x818F,33167,0x8421,33825,0x8369,33641,0xF1AC,61868,0x83E4,33764,0x83D8,33752,0x7DC6,32198,0x805E,32862,0x7FB6,32694
0.713557808,0,0xD847,0xD1FD,0x7F11,0x7F11,0xEBCA,0x7F18,0x7F18,0xDF18,0x8D29,0x8D29,,0.721690968,0x7E98,32408,0x818C,33164,0x8340,33600,0x825E,33374,0xF9E2,63970,0x82CB,33483,0x82C8,33480,0x7DC6,32198,0x7FBF,32703,0x7F25,32549
0.713574648,0,0x8194,0x9726,0x87E1,0x87E1,0xF4D4,0x7F6B,0x7F6B,0xE822,0xAA99,0xAA99,,0.721860592,0x7D30,32048,0x8188,33160,0x8281,33409,0x81CC,33228,0xFB45,64325,0x820F,33295,0x8203,33283,0x8184,33156,0x7EF8,32504,0x7E25,32293
0.713591424,0,0xE17F,0xE27B,0x8159,0x8159,0xF04D,0x7F6A,0x7F6A,0xF1EB,0xD846,0xD846,,0.72203156,0x7DC7,32199,0x8187,33159,0x8203,33283,0x8146,33094,0xF557,62807,0x8186,33158,0x815A,33114,0x8184,33156,0x7DBF,32191,0x7D2B,32043
0.713608304,0,0xE488,0xE052,0x7F91,0x7F91,0xEF90,0x7F34,0x7F34,0xE76D,0xD087,0xD087,,0.722202576,0x8A41,35393,0x818A,33162,0x81C3,33219,0x8018,32792,0xE8F9,59641,0x8139,33081,0x8077,32887,0xABB0,43952,0x7CE7,31975,0x848D,33933
0.713625016,0,0xF256,0xEBAB,0x7F16,0x7F16,0xDEDC,0x807E,0x807E,0xF3C8,0xD932,0xD932,,0.722372272,0xA11F,41247,0x8183,33155,0x80F9,33017,0x7F30,32560,0xD6AB,54955,0x8077,32887,0x7FB8,32696,0xABB0,43952,0x85A4,34212,0x95DB,38363
0.713641856,0,0xDD20,0xD382,0x7F8E,0x7F8E,0xD653,0x80D1,0x80D1,0xDBC8,0xC19C,0xC19C,,0.722541624,0xBB48,47944,0x8186,33158,0x8067,32871,0x7E78,32376,0xBF10,48912,0x7FE3,32739,0x7F00,32512,0xD9F7,55799,0x99FC,39420,0xA9D6,43478
0.713659048,0,0xDD2D,0xD543,0x7F4D,0x7F4D,0xDA59,0x8003,0x8003,0xDC9A,0xC218,0xC218,,0.722849072,0xD2E4,53988,0x818E,33166,0x7F96,32662,0x7D47,32071,0xA429,42025,0x7F81,32641,0x7DCF,32207,0xE838,59448,0xB192,45458,0xBCCC,48332
0.713677424,0,0xD00D,0xD00D,0xD00D,0xD00D,0xD00D,0xD00D,0xD00D,0xD00D,0xD00D,0xD00D,,0.723018208,0xE5CE,58830,0x8191,33169,0x7DFF,32255,0x7D05,32005,0x90D7,37079,0x7E7C,32380,0x7CDD,31965,0xE838,59448,0xCB1A,51994,0xCE92,52882
0.71369456,0,0xD2A3,0xCDCD,0x7DF6,0x7DF6,0xD663,0x8CE9,0x8CE9,0xBB4B,0xC204,0xC204,,0.723188208,0xF33A,62266,0x8190,33168,0x7DC5,32197,0x87C0,34752,0x8876,34934,0x7D40,32064,0x84A5,33957,0xFB68,64360,0xE00B,57355,0xDE6C,56940
0.713711592,0,0xD709,0xDB88,0x7E12,0x7E12,0xF038,0x7F9C,0x7F9C,0xE5A9,0x8FE1,0x8FE1,,0.723358304,0xFA8E,64142,0x8194,33172,0x8A22,35362,0x9C02,39938,0x8541,34113,0x8441,33857,0x95E6,38374,0xF724,63268,0xEF3D,61245,0xEAED,60141
0.71372844,0,0xD825,0xDA5F,0x7E95,0x7E95,0xED15,0x7E18,0x7E18,0xE5A9,0xA052,0xA052,,0.723530136,0xFB74,64372,0x8196,33174,0xA04E,41038,0xB046,45126,0x839D,33693,0x9727,38695,0xA977,43383,0xF724,63268,0xF529,62761,0xF07D,61565
0.713745776,0,0x8191,0xAF0C,0x8701,0x8701,0xF3E9,0x7F44,0x7F44,0xEF6E,0xC0DE,0xC0DE,,0.723700072,0xF518,62744,0x8192,33170,0xB83A,47162,0xC159,49497,0x80F9,33017,0xB04A,45130,0xBC4C,48204,0xEBC5,60357,0xF996,63894,0xEFFE,61438
0.713762824,0,0xE369,0xE81F,0x80AA,0x80AA,0xF118,0x7EB2,0x7EB2,0xEF93,0xE407,0xE407,,0.72386948,0xE850,59472,0x8190,33168,0xD01D,53277,0xD2E7,53991,0x80A7,32935,0xC96C,51564,0xCEA4,52900,0xCB11,51985,0xF3A3,62371,0xEF23,61219
0.713780032,0,0xE624,0xE1F9,0x7ED8,0x7ED8,0xEB2D,0x7E51,0x7E51,0xE8C5,0xDFF5,0xDFF5,,0.724039152,0xD5A3,54691,0x8191,33169,0xE3E8,58344,0xE1D4,57812,0x7FD7,32727,0xDF0E,57102,0xDE93,56979,0xCB11,51985,0xE8A9,59561,0xE876,59510
0.713797744,0,0xF262,0xEF85,0x7E40,0x7E40,0xC982,0x8076,0x8076,0xF4C3,0xE899,0xE899,,0.724209312,0xBDB1,48561,0x8193,33171,0xF211,61969,0xEDC6,60870,0x7F33,32563,0xEEDD,61149,0xEA51,59985,0xB1CA,45514,0xD9C4,55748,0xDC25,56357
0.713814968,0,0xDC0F,0xD7EB,0x7EAB,0x7EAB,0xD1E4,0x800E,0x800E,0xDC73,0xCE9B,0xCE9B,,0.724379072,0xA2D4,41684,0x8196,33174,0xF97F,63871,0xF313,62227,0x7E59,32345,0xF87F,63615,0xF178,61816,0x98F1,39153,0xC563,50531,0xCD77,52599
0.713832184,0,0xDD27,0xD8BC,0x7E74,0x7E74,0xD73E,0x7F4D,0x7F4D,0xDC75,0xD26E,0xD26E,,0.724548328,0x902F,36911,0x8196,33174,0xF725,63269,0xF477,62583,0x7D3E,32062,0xFBBE,64446,0xF3E0,62432,0x87F2,34802,0xAB2D,43821,0xBB95,48021
0.713850224,0,0xD00D,0xD00D,0xD00D,0xD00D,0xD00D,0xD00D,0xD00D,0xD00D,0xD00D,0xD00D,,0.724717288,0x8858,34904,0x8199,33177,0xF351,62289,0xF0FC,61692,0x7DB2,32178,0xF819,63513,0xF11F,61727,0x8584,34180,0x948D,38029,0xA4FA,42234
0.713867152,0,0xD308,0xCDCD,0x7DF6,0x7DF6,0xD663,0x8C9D,0x8C9D,0xE647,0xC204,0xC204,,0.724887,0x855B,34139,0x8196,33174,0xE931,59697,0xE7E5,59365,0x891C,35100,0xED9A,60826,0xE936,59702,0x8584,34180,0x89ED,35309,0x9179,37241
0.713883952,0,0xD6F3,0xE10C,0x7AE9,0x7AE9,0xF1F1,0x7D56,0x7D56,0xEFB4,0xA665,0xA665,,0.725058384,0x83D3,33747,0x8195,33173,0xD7BD,55229,0xD865,55397,0x9DEC,40428,0xDD08,56584,0xDCC7,56519,0x82A7,33447,0x8600,34304,0x8888,34952
0.713900864,0,0xD719,0xDF90,0x7AE6,0x7AE6,0xEF2D,0x7C20,0x7C20,0xEA19,0xB44F,0xB44F,,0.725229408,0x82D3,33491,0x8190,33168,0xC096,49302,0xC96C,51564,0xB751,46929,0xC6FB,50939,0xCD96,52630,0x81DF,33247,0x8436,33846,0x8529,34089
0.713917992,0,0x818E,0xC8CD,0x8532,0x8532,0xF3A5,0x7E20,0x7E20,0xF2F6,0xCDFD,0xCDFD,,0.725398368,0x821E,33310,0x818D,33165,0xA59B,42395,0xB79A,47002,0xCF32,53042,0xAC5C,44124,0xBA3B,47675,0x81DF,33247,0x8324,33572,0x8368,33640
0.713934488,0,0xE6E8,0xEC0D,0x800C,0x800C,0xEFB5,0x7C89,0x7C89,0xF14C,0xE7C8,0xE7C8,,0.725568912,0x81A7,33191,0x818A,33162,0x91A6,37286,0x9FE5,40933,0xE307,58119,0x958A,38282,0xA3DE,41950,0x816D,33133,0x8250,33360,0x8275,33397
0.713951304,0,0xE566,0xE6A5,0x7DF1,0x7DF1,0xE7A3,0x7C60,0x7C60,0xEC94,0xE5FF,0xE5FF,,0.725738232,0x813D,33085,0x818F,33167,0x8948,35144,0x8E67,36455,0xF1AC,61868,0x8AD8,35544,0x913B,37179,0x7DC6,32198,0x81A1,33185,0x81F0,33264
0.71396812,0,0xF269,0xF1E1,0x7C61,0x7C61,0xAF56,0x8047,0x8047,0xF5CC,0xEEE8,0xEEE8,,0.725907808,0x809A,32922,0x818C,33164,0x8645,34373,0x872F,34607,0xF9E2,63970,0x86EC,34540,0x8843,34883,0x7DC6,32198,0x8130,33072,0x811F,33055
0.713984864,0,0xDC22,0xD9BA,0x7CB5,0x7CB5,0xCEDF,0x7FB1,0x7FB1,0xDD09,0xD4EB,0xD4EB,,0.726077448,0x7FDB,32731,0x8188,33160,0x84BF,33983,0x844C,33868,0xFB45,64325,0x84D1,34001,0x84DF,34015,0x8184,33156,0x80C6,32966,0x8024,32804
0.714001624,0,0xDD23,0xD80D,0x7C56,0x7C56,0xD590,0x7E55,0x7E55,0xD7F4,0xD7B3,0xD7B3,,0.726246472,0x7F24,32548,0x8187,33159,0x83C4,33732,0x82C5,33477,0xF557,62807,0x8365,33637,0x8354,33620,0x8184,33156,0x8375,33653,0x7F33,32563
0.71401992,0,0xD00D,0xD00D,0xD00D,0xD00D,0xD00D,0xD00D,0xD00D,0xD00D,0xD00D,0xD00D,,0.726416184,0x7E18,32280,0x818A,33162,0x82F1,33521,0x820B,33291,0xE8F9,59641,0x827F,33407,0x8275,33397,0xABB0,43952,0x7F7B,32635,0x7EC6,32454
0.714036472,0,0xD308,0xCF9F,0x7F52,0x7F52,0xD4B0,0x8D17,0x8D17,0xE647,0xCCA7,0xCCA7,,0.7265858,0x7C99,31897,0x8183,33155,0x8241,33345,0x8187,33159,0xD7E0,55264,0x81D2,33234,0x81B2,33202,0xC352,50002,0x7E82,32386,0x7D6B,32107
0.714053568,0,0xD6FB,0xE503,0x7E94,0x7E94,0xF46E,0x7A4C,0x7A4C,0xF887,0xBF74,0xBF74,,0.726754416,0x810D,33037,0x8186,33158,0x81DB,33243,0x80A1,32929,0xBF10,48912,0x8168,33128,0x80F3,33011,0xC352,50002,0x7CFB,31995,0x7EDF,32479
0.714070392,0,0xD533,0xDFFC,0x7D10,0x7D10,0xF173,0x78F6,0x78F6,0xEE34,0xC72A,0xC72A,,0.726923208,0x92FD,37629,0x818E,33166,0x815C,33116,0x7F9C,32668,0xA429,42025,0x80F6,33014,0x8027,32807,0xD9F7,55799,0x7EE0,32480,0x8B99,35737
0.714087184,0,0x818E,0xDD68,0x89E7,0x89E7,0xF79D,0x7E0A,0x7E0A,0xF60D,0xD9D8,0xD9D8,,0.727094752,0xAC84,44164,0x8193,33171,0x80BD,32957,0x7EED,32493,0x90D7,37079,0x8031,32817,0x7F73,32627,0xF4C6,62662,0xCB1A,51994,0xCE92,52882
0.714103944,0,0xE7A6,0xEED5,0x7EDD,0x7EDD,0xE92F,0x793A,0x793A,0xF34D,0xE8CA,0xE8CA,,0.727264808,0xC58A,50570,0x8192,33170,0x8019,32793,0x7E11,32273,0x8876,34934,0x7FC3,32707,0x7E8E,32398,0xF4C6,62662,0xE00B,57355,0xDE6C,56940
0.714120688,0,0xE4FB,0xE8A0,0x7C93,0x7C93,0xE2B6,0x78CE,0x78CE,0xECD9,0xE97D,0xE97D,,0.72743448,0xDB2D,56109,0x818E,33166,0x7F02,32514,0x7C92,31890,0x8541,34113,0x7F14,32532,0x7D15,32021,0xF724,63268,0xEF3D,61245,0xEAED,60141
0.714137744,0,0xF263,0xF3D0,0x7AB9,0x7AB9,0x9763,0x8134,0x8134,0xF6DC,0xED62,0xED62,,0.727739344,0xEBF2,60402,0x8190,33168,0x7D3C,32060,0x8058,32856,0x839D,33693,0x7DC7,32199,0x7EC1,32449,0xEBC5,60357,0xF529,62761,0xF07D,61565
0.714154576,0,0xDC27,0xDB12,0x7BA3,0x7BA3,0xC7F6,0x7F0E,0x7F0E,0xDD5F,0xD8ED,0xD8ED,,0.727909016,0xF6EC,63212,0x818F,33167,0x814F,33103,0x904F,36943,0x828D,33421,0xB04A,45130,0xBC4C,48204,0xDE4C,56908,0xF996,63894,0xEFFE,61438
0.714172832,0,0xDD68,0xDA1C,0x7C4C,0x7C4C,0xD092,0x7CE4,0x7CE4,0xDA8D,0xDA2B,0xDA2B,,0.728080472,0xFBA1,64417,0x8188,33160,0x922A,37418,0xA4C7,42183,0x81CA,33226,0xC96C,51564,0xCEA4,52900,0xDE4C,56908,0xF3A3,62371,0xEF23,61219
0.714190816,0,0xD00D,0xD00D,0xD00D,0xD00D,0xD00D,0xD00D,0xD00D,0xD00D,0xD00D,0xD00D,,0.72825056,0xF990,63888,0x8184,33156,0xAAFA,43770,0xB81F,47135,0x8134,33076,0xDF0E,57102,0xDE93,56979,0xB1CA,45514,0xE8A9,59561,0xE876,59510
0.714207472,0,0xD2A0,0xCEB3,0xA3FA,0xA3FA,0xBD58,0x8D17,0x8D17,0xF682,0xCCA7,0xCCA7,,0.728419816,0xF068,61544,0x8186,33158,0xC42C,50220,0xCA73,51827,0x80D2,32978,0xEEDD,61149,0xEA51,59985,0xB1CA,45514,0xD9C4,55748,0xDC25,56357
0.714224776,0,0xD6F6,0xE848,0xAC2A,0xAC2A,0xD989,0x9897,0x9897,0xFACD,0xD662,0xD662,,0.72859048,0xE153,57683,0x818F,33167,0xD9E6,55782,0xDA9F,55967,0x8040,32832,0xF87F,63615,0xF178,61816,0x8C8E,35982,0xC563,50531,0xCD77,52599
0.714241384,0,0xD6CB,0xE34E,0xA8E7,0xA8E7,0xD095,0x9508,0x9508,0xEEA9,0xD7B1,0xD7B1,,0.728760072,0xCD0C,52492,0x818F,33167,0xF725,63269,0xF477,62583,0x7F88,32648,0xFBBE,64446,0xF3E0,62432,0x8C8E,35982,0xAB2D,43821,0xBB95,48021
0.714258216,0,0x818F,0xEB32,0xB2F2,0xB2F2,0xDD3D,0x9F47,0x9F47,0xF818,0xE4AC,0xE4AC,,0.72892944,0xB33E,45886,0x818B,33163,0xF351,62289,0xF0FC,61692,0x7EE5,32485,0xF819,63513,0xF11F,61727,0x8584,34180,0x948D,38029,0xA4FA,42234
0.714274944,0,0xE538,0xEF24,0x7D2B,0x7D2B,0xBE66,0x92BE,0x92BE,0xF444,0xED79,0xED79,,0.729100208,0x855B,34139,0x8188,33160,0xE931,59697,0xE7E5,59365,0x7DC8,32200,0xED9A,60826,0xE936,59702,0x83E3,33763,0x89ED,35309,0x9179,37241
0.714291696,0,0xE6C8,0xE94F,0x81D1,0x81D1,0xBA01,0x934D,0x934D,0xEDCF,0xEBCA,0xEBCA,,0.729269272,0x83D3,33747,0x818F,33167,0xD7BD,55229,0xD865,55397,0x7C89,31881,0xDD08,56584,0xDCC7,56519,0x83E3,33763,0x8600,34304,0x8888,34952
0.714308592,0,0xF258,0xF5BC,0x9221,0x9221,0x8AFD,0x9FE2,0x9FE2,0xF797,0xEBC8,0xEBC8,,0.729439096,0x82D3,33491,0x8193,33171,0xC096,49302,0xC96C,51564,0x810A,33034,0xC6FB,50939,0xCD96,52630,0x81DF,33247,0x8436,33846,0x8529,34089
0.714325312,0,0xDC62,0xDC4B,0x9743,0x9743,0xABDD,0x7D61,0x7D61,0xD894,0xDAA0,0xDAA0,,0.729613216,0x821E,33310,0x818D,33165,0xA59B,42395,0xB79A,47002,0x9230,37424,0xAC5C,44124,0xBA3B,47675,0x81DF,33247,0x8324,33572,0x8368,33640
0.714342416,0,0xDA61,0xDBF6,0x9BB3,0x9BB3,0xAFCD,0x8033,0x8033,0xDD3A,0xD8F9,0xD8F9,,0.729811296,0x81A7,33191,0x818E,33166,0x91A6,37286,0x9FE5,40933,0xA8E0,43232,0x958A,38282,0xA3DE,41950,0x816D,33133,0x8250,33360,0x8275,33397
0.714360392,0,0xD00D,0xD00D,0xD00D,0xD00D,0xD00D,0xD00D,0xD00D,0xD00D,0xD00D,0xD00D,,0.72998812,0x813D,33085,0x8190,33168,0x8948,35144,0x8E67,36455,0xC23A,49722,0x8AD8,35544,0x913B,37179,0x8024,32804,0x81A1,33185,0x81F0,33264
0.714377112,0,0xD0AE,0xD173,0xA3FA,0xA3FA,0xBD58,0xBB89,0xBB89,0xF682,0xCF7E,0xCF7E,,0.730161912,0x809A,32922,0x818F,33167,0x8645,34373,0x872F,34607,0xD931,55601,0x86EC,34540,0x8843,34883,0x7F46,32582,0x8130,33072,0x811F,33055
0.714393856,0,0xD6EC,0xEABD,0xD36A,0xD36A,0xAAA1,0xC84F,0xC84F,0xFB9C,0xE9B6,0xE9B6,,0.730330912,0x7FDB,32731,0x818A,33162,0x84BF,33983,0x844C,33868,0xE8F2,59634,0x84D1,34001,0x84DF,34015,0x7F46,32582,0x80C6,32966,0x8024,32804
0.714410656,0,0xD82C,0xE773,0xD078,0xD078,0xA2BD,0xC3EC,0xC3EC,0xEFE8,0xE584,0xE584,,0.730499768,0x7F24,32548,0x8185,33157,0x83C4,33732,0x82C5,33477,0xF407,62471,0x8365,33637,0x8354,33620,0x7D13,32019,0x801A,32794,0x7F75,32629
0.714427448,0,0x818E,0xF41D,0xD5FF,0xD5FF,0xB0A0,0xCE75,0xCE75,0xF8B0,0xED49,0xED49,,0.730669384,0x7E18,32280,0x818A,33162,0x82F1,33521,0x820B,33291,0xF83D,63549,0x827F,33407,0x8275,33397,0x7CCA,31946,0x7F7B,32635,0x7EC6,32454
0.714444488,0,0xE23C,0xF319,0x823C,0x823C,0x99C4,0xC621,0xC621,0xF4C9,0xEC9F,0xEC9F,,0.73083872,0x7C99,31897,0x8183,33155,0x8241,33345,0x8187,33159,0xF598,62872,0x81D2,33234,0x81B2,33202,0x7CCA,31946,0x7E82,32386,0x7D6B,32107
0.71446136,0,0xE7AA,0xEC58,0x91F9,0x91F9,0x9760,0xC3F1,0xC3F1,0xF045,0xEDEF,0xEDEF,,0.731009328,0x810D,33037,0x8186,33158,0x81DB,33243,0x80A1,32929,0xEF06,61190,0x8168,33128,0x80F3,33011,0x87FC,34812,0x7CFB,31995,0x7EDF,32479
0.714478272,0,0xF253,0xF74E,0xB312,0xB312,0x8647,0xD00E,0xD00E,0xF82F,0xF16F,0xF16F,,0.731179872,0x92FD,37629,0x818E,33166,0x815C,33116,0x7F9C,32668,0xE113,57619,0x80F6,33014,0x8027,32807,0xB70C,46860,0x7F99,32665,0x8B99,35737
0.714494952,0,0xDAE2,0xDD40,0xB8BB,0xB8BB,0x9268,0x8066,0x8066,0xD948,0xDB9E,0xDB9E,,0.731348312,0xAC84,44164,0x8193,33171,0x80BD,32957,0x7EED,32493,0xCCD9,52441,0x8031,32817,0x7F73,32627,0xB70C,46860,0x8D81,36225,0x9DFA,40442
0.71451168,0,0xD448,0xDACE,0xBD3A,0xBD3A,0x9396,0x8E8F,0x8E8F,0xDE19,0xD96A,0xD96A,,0.731516632,0xC58A,50570,0x8192,33170,0x8019,32793,0x7E11,32273,0xB385,45957,0x7FC3,32707,0x7E8E,32398,0xE1C8,57800,0xA4DE,42206,0xAE7C,44668
0.714529792,0,0xD00D,0xD00D,0xD00D,0xD00D,0xD00D,0xD00D,0xD00D,0xD00D,0xD00D,0xD00D,,0.731687328,0xDB2C,56108,0x818E,33166,0x7F02,32514,0x7C92,31890,0x9A7B,39547,0x7F14,32532,0x7D15,32021,0xF07B,61563,0xBD6D,48493,0xC241,49729
0.714546888,0,0xD0AE,0xD173,0xCA80,0xCA80,0x8B45,0xBB89,0xBB89,0xF4B9,0xD407,0xD407,,0.731856312,0xEBF2,60402,0x8190,33168,0x7D3C,32060,0x8058,32856,0x8C49,35913,0x7DC7,32199,0x7ECD,32461,0xF07B,61563,0xD4A6,54438,0xD56D,54637
0.714563584,0,0xD6E5,0xEBF1,0xE1F8,0xE1F8,0x920A,0xDF39,0xDF39,0xF804,0xF53D,0xF53D,,0.73202632,0xF6EC,63212,0x818F,33167,0x814F,33103,0x904F,36943,0x86C0,34496,0x7E96,32406,0x8B4A,35658,0xF8C7,63687,0xE7B5,59317,0xE47E,58494
0.714580312,0,0xD887,0xE7BB,0xDC29,0xDC29,0x8E3F,0xD92B,0xD92B,0xF294,0xEF43,0xEF43,,0.732195872,0xFBA1,64417,0x8188,33160,0x922A,37418,0xA4C7,42183,0x81CA,33226,0x8BBF,35775,0x9E3D,40509,0xF61F,63007,0xF489,62601,0xEE95,61077
0.71459704,0,0x8191,0xFA0D,0xE5B9,0xE5B9,0x9BE6,0xE410,0xE410,0xFA14,0xF1CA,0xF1CA,,0.732440928,0xFCB2,64690,0x8184,33156,0xAAFA,43770,0xB81F,47135,0x8134,33076,0xA277,41591,0xB186,45446,0xF61F,63007,0xFAF7,64247,0xF128,61736
0.714613864,0,0xE21E,0xF5BF,0x94FC,0x94FC,0x8C4E,0xE11C,0xE11C,0xF437,0xEBFB,0xEBFB,,0.732674912,0xF068,61544,0x8186,33158,0xC42C,50220,0xCA73,51827,0x80D2,32978,0xBC43,48195,0xC4BC,50364,0xEA0D,59917,0xFAB5,64181,0xF1BE,61886
0.714630608,0,0xE7D8,0xF159,0xA6C1,0xA6C1,0x8AA3,0xDCFE,0xDCFE,0xF0B6,0xEFCB,0xEFCB,,0.732843816,0xE153,57683,0x818F,33167,0xD9E6,55782,0xDA9F,55967,0x8040,32832,0xD410,54288,0xD6AC,54956,0xC185,49541,0xF331,62257,0xEDB1,60849
0.714647464,0,0xF25A,0xF781,0xC66D,0xC66D,0x842E,0xE769,0xE769,0xF694,0xF574,0xF574,,0.733013984,0xCD0C,52492,0x818F,33167,0xEAE5,60133,0xE76C,59244,0x7F88,32648,0xE6DC,59100,0xE4D3,58579,0xC185,49541,0xE574,58740,0xE39B,58267
0.714664592,0,0xD7DF,0xDDC1,0xC891,0xC891,0x8877,0x9049,0x9049,0xDC8C,0xDCAE,0xDCAE,,0.733198,0xB33E,45886,0x818B,33163,0xF69E,63134,0xF02B,61483,0x7EE5,32485,0xF3F1,62449,0xED5A,60762,0x924B,37451,0xD1EA,53738,0xD6B4,54964
0.714681384,0,0xD468,0xD9FA,0xCBE3,0xCBE3,0x8900,0xA201,0xA201,0xDE95,0xDCAE,0xDCAE,,0.733367576,0x99E5,39397,0x8188,33160,0xF8FB,63739,0xF447,62535,0x7DC8,32200,0xFAE4,64228,0xF116,61718,0x924B,37451,0xB928,47400,0xC66C,50796
0.714699344,0,0xD00D,0xD00D,0xD00D,0xD00D,0xD00D,0xD00D,0xD00D,0xD00D,0xD00D,0xD00D,,0.733537712,0x8C1D,35869,0x818F,33167,0xF66A,63082,0xF38C,62348,0x7C89,31881,0xF881,63617,0xF282,62082,0x8A33,35379,0x9EB5,40629,0xB1B5,45493
0.714716024,0,0xD09B,0xD4A3,0xCE08,0xCE08,0x8759,0xC6C0,0xC6C0,0xE600,0xD528,0xD528,,0.733706568,0x86E5,34533,0x8193,33171,0xF005,61445,0xEDB1,60849,0x810A,33034,0xEFA2,61346,0xEE1C,60956,0x86DC,34524,0x8E4E,36430,0x9AED,39661
0.7147328,0,0xD6E0,0xEBE3,0xE71E,0xE71E,0x8984,0xE2A6,0xE2A6,0xF29C,0xF7B8,0xF7B8,,0.733880928,0x84A6,33958,0x818D,33165,0xE280,57984,0xE33B,58171,0x9230,37424,0xE438,58424,0xE40F,58383,0x816D,33133,0x87B8,34744,0x8C6A,35946
0.714749608,0,0xD876,0xE7B6,0xE0E8,0xE0E8,0x87B2,0xE153,0xE153,0xF122,0xF3D8,0xF3D8,,0.734056952,0x8361,33633,0x818E,33166,0xCE58,52824,0xD527,54567,0xA8E0,43232,0xD304,54020,0xD640,54848,0x811D,33053,0x8519,34073,0x86AE,34478
0.714766608,0,0x8190,0xF4B4,0xEBC7,0xEBC7,0x94F4,0xEAE0,0xEAE0,0xF877,0xF5E9,0xF5E9,,0.73423228,0x8281,33409,0x8190,33168,0xB49F,46239,0xC3BF,50111,0xC23A,49722,0xBB63,47971,0xC679,50809,0x811D,33053,0x83B9,33721,0x8441,33857
0.714783392,0,0xE559,0xF333,0xADB2,0xADB2,0x87B7,0xE9F7,0xE9F7,0xF188,0xF112,0xF112,,0.734405784,0x81EA,33258,0x818F,33167,0x9A95,39573,0xAD52,44370,0xD931,55601,0xA0DF,41183,0xB2F1,45809,0x8024,32804,0x82C5,33477,0x82E8,33512
0.71480004,0,0xE7ED,0xF07B,0xBAAD,0xBAAD,0x8605,0xE0B9,0xE0B9,0xF117,0xF115,0xF115,,0.734575536,0x817E,33150,0x818A,33162,0x8C93,35987,0x96AE,38574,0xE8F2,59634,0x8F7A,36730,0x9C0E,39950,0x7F46,32582,0x81F9,33273,0x8235,33333
0.714816784,0,0xF256,0xF46D,0xD47A,0xD47A,0x82F0,0xEE33,0xEE33,0xF69D,0xF708,0xF708,,0.734745808,0x811F,33055,0x8185,33157,0x8795,34709,0x8A5F,35423,0xF407,62471,0x889B,34971,0x8CBB,36027,0x7D13,32019,0x8167,33127,0x81B9,33209
0.714833592,0,0xD873,0xDE0D,0xCFAB,0xCFAB,0x8505,0xA774,0xA774,0xDE3C,0xDD65,0xDD65,,0.734915352,0x8045,32837,0x818C,33164,0x8582,34178,0x85B7,34231,0xF83D,63549,0x85C9,34249,0x868D,34445,0x7D13,32019,0x8114,33044,0x80B0,32944
0.71485032,0,0xD967,0xDA52,0xD28C,0xD28C,0x8547,0xB51B,0xB51B,0xDFB6,0xDDA7,0xDDA7,,0.735087224,0x7F8E,32654,0x8188,33160,0x8447,33863,0x838D,33677,0xF598,62872,0x8411,33809,0x8422,33826,0x87FC,34812,0x7E82,32386,0x7D6B,32107
0.71486872,0,0xD00D,0xD00D,0xD00D,0xD00D,0xD00D,0xD00D,0xD00D,0xD00D,0xD00D,0xD00D,,0.735258152,0x7EC6,32454,0x8186,33158,0x8361,33633,0x826A,33386,0xEF07,61191,0x82ED,33517,0x82F5,33525,0x87FC,34812,0x7CFB,31995,0x7EDF,32479
0.714885552,0,0xD216,0xD4A3,0xD19B,0xD19B,0x8759,0xCF74,0xCF74,0xE600,0xD528,0xD528,,0.735427808,0x7D6E,32110,0x8186,33158,0x8297,33431,0x81D2,33234,0xE156,57686,0x822C,33324,0x822E,33326,0x9E3A,40506,0x7EE0,32480,0x8B99,35737
0.71490236,0,0xD71B,0xEC49,0xE992,0xE992,0x85CE,0xE555,0xE555,0xECAF,0xF778,0xF778,,0.735596864,0x7EC4,32452,0x8187,33159,0x820C,33292,0x814E,33102,0xCCD9,52441,0x8031,32817,0x8178,33144,0xCE30,52784,0x8D81,36225,0x9DFA,40442
0.714919136,0,0xD5C3,0xE977,0xE63A,0xE63A,0x84CC,0xE221,0xE221,0xEADA,0xF33B,0xF33B,,0.735766176,0x8752,34642,0x818A,33162,0x81CE,33230,0x8028,32808,0xB384,45956,0x7FC3,32707,0x7E8E,32398,0xCE30,52784,0xA4DE,42206,0xAE7C,44668
0.714935896,0,0x818F,0xEA13,0xEEAD,0xEEAD,0x9089,0xEE00,0xEE00,0xF3EF,0xF6AE,0xF6AE,,0.735935576,0x9E96,40598,0x818C,33164,0x8113,33043,0x7F40,32576,0x9A78,39544,0x7F14,32532,0x7D15,32021,0xF07B,61563,0xBD6D,48493,0xC241,49729
0.714952616,0,0xE754,0xEDEF,0xC6AD,0xC6AD,0x858B,0xEDF4,0xEDF4,0xF2EE,0xF296,0xF296,,0.73610632,0xB838,47160,0x8190,33168,0x807E,32894,0x7E92,32402,0x8C49,35913,0x7DC7,32199,0x7EC1,32449,0xF8C7,63687,0xD56D,54637,0xD56D,54637
0.714969344,0,0xE7DD,0xF142,0xCD10,0xCD10,0x83E4,0xE6BB,0xE6BB,0xF211,0xF00F,0xF00F,,0.73627572,0xCF68,53096,0x8194,33172,0x7FB6,32694,0x7D6C,32108,0x86C0,34496,0x7E96,32406,0x8B4A,35658,0xF8C7,63687,0xE7B5,59317,0xE47E,58494
0.714986016,0,0xF1A5,0xF686,0xE008,0xE008,0x8217,0xEF06,0xEF06,0xF83A,0xF6E7,0xF6E7,,0.736444784,0xE05A,57434,0x8194,33172,0x7E3B,32315,0x7D11,32017,0x846A,33898,0x8BBF,35775,0x9E3D,40509,0xF61F,63007,0xF489,62601,0xEE95,61077
0.715002904,0,0xD93C,0xDFD7,0xD463,0xD463,0x8383,0xBFBD,0xBFBD,0xDE80,0xDDA7,0xDDA7,,0.736613488,0xEE75,61045,0x818F,33167,0xAAFA,43770,0xB81F,47135,0x831C,33564,0xA277,41591,0xB186,45446,0xF61F,63007,0xFAF7,64247,0xF128,61736
0.715019808,0,0xDC0A,0xDEC1,0xD3BD,0xD3BD,0x839C,0xC758,0xC758,0xDF78,0xDE43,0xDE43,,0.736784464,0xF5AD,62893,0x818C,33164,0xC42C,50220,0xCA73,51827,0x823C,33340,0xBC43,48195,0xC48D,50317,0xD80D,55309,0xFAB5,64181,0xF1BE,61886
0.715037864,0,0xD00D,0xD00D,0xD00D,0xD00D,0xD00D,0xD00D,0xD00D,0xD00D,0xD00D,0xD00D,,0.736953656,0xE153,57683,0x818C,33164,0xD9E6,55782,0xDA9F,55967,0x8187,33159,0xD410,54288,0xD6AC,54956,0xD80D,55309,0xF331,62257,0xEDB1,60849
0.715054816,0,0xD19C,0xD3FC,0xD018,0xD018,0x854B,0xCF74,0xCF74,0xBA8C,0xD4C3,0xD4C3,,0.737125536,0xCD0C,52492,0x818F,33167,0xEAE5,60133,0xE76C,59244,0x810A,33034,0xE6DC,59100,0xE4D3,58579,0xA661,42593,0xE574,58740,0xE39B,58267
0.71507164,0,0xD718,0xEA0A,0xEAF5,0xEAF5,0x8431,0xE986,0xE986,0xE8A6,0xEDE2,0xEDE2,,0.737434824,0xB33E,45886,0x8190,33168,0xF69E,63134,0xF02B,61483,0x80BA,32954,0xF3F1,62449,0xED5A,60762,0xA661,42593,0xD1EA,53738,0xD6B4,54964
0.71508868,0,0xD72E,0xE675,0xE65D,0xE65D,0x83C8,0xE3CA,0xE3CA,0xE668,0xED5B,0xED5B,,0.737604608,0x99E5,39397,0x8195,33173,0xF8FB,63739,0xF447,62535,0x7FEE,32750,0xFAE4,64228,0xF116,61718,0x924B,37451,0xB928,47400,0xC66C,50796
0.715105448,0,0x818E,0xD9F4,0xEFBB,0xEFBB,0x8E42,0xEF8B,0xEF8B,0xF288,0xF47F,0xF47F,,0.73777416,0x8C1D,35869,0x8191,33169,0xF66A,63082,0xF38C,62348,0x7F46,32582,0xF881,63617,0xF282,62082,0x86DC,34524,0x9EB5,40629,0xB1B5,45493
0.715122224,0,0xE202,0xECF8,0xDA31,0xDA31,0x847C,0xEFDB,0xEFDB,0xF4BE,0xF121,0xF121,,0.7379438,0x86E5,34533,0x818F,33167,0xF005,61445,0xEDB1,60849,0x7EF0,32496,0xEFA2,61346,0xEE1C,60956,0x86DC,34524,0x8E4E,36430,0x9AED,39661
0.715139136,0,0xE9AE,0xF033,0xDBBC,0xDBBC,0x8319,0xEB76,0xEB76,0xF300,0xEFC2,0xEFC2,,0.738115488,0x84A6,33958,0x8190,33168,0xE280,57984,0xE33B,58171,0x7D49,32073,0xE438,58424,0xE40F,58383,0x835C,33628,0x87B8,34744,0x8C6A,35946
0.715156184,0,0xF1C9,0xF72F,0xE93D,0xE93D,0x816F,0xF097,0xF097,0xFA1B,0xF47C,0xF47C,,0.738287504,0x8361,33633,0x818E,33166,0xCE58,52824,0xD527,54567,0x7CE0,31968,0xD304,54020,0xD640,54848,0x835C,33628,0x8519,34073,0x86AE,34478
0.715174008,0,0xD92A,0xDF8F,0xD7B7,0xD7B7,0x82DC,0xD661,0xD661,0xDD13,0xDFB9,0xDFB9,,0.738457816,0x8281,33409,0x818E,33166,0xB49F,46239,0xC3BF,50111,0x8685,34437,0xBB63,47971,0xC679,50809,0x8242,33346,0x83B9,33721,0x8441,33857
0.715191112,0,0xDD2A,0xDFE6,0xD223,0xD223,0x82C2,0xD83F,0xD83F,0xDF3C,0xE091,0xE091,,0.738627144,0x81EA,33258,0x818F,33167,0x9A95,39573,0xAD52,44370,0x9BB9,39865,0xA0DF,41183,0xB2F1,45809,0x8147,33095,0x82C5,33477,0x82E8,33512
0.715209048,0,0xD00D,0xD00D,0xD00D,0xD00D,0xD00D,0xD00D,0xD00D,0xD00D,0xD00D,0xD00D,,0.738796824,0x817E,33150,0x818A,33162,0x8C93,35987,0x96AE,38574,0xB2DA,45786,0x8F7A,36730,0x9C0E,39950,0x8147,33095,0x81F9,33273,0x8235,33333
0.715225616,0,0xD233,0xD3A9,0xD384,0xD384,0x83FE,0xD1FD,0xD1FD,0xA0B7,0xD49D,0xD49D,,0.738966392,0x811F,33055,0x8185,33157,0x8795,34709,0x8A5F,35423,0xCA5D,51805,0x889B,34971,0x8CBB,36027,0x7F45,32581,0x8167,33127,0x81B9,33209
0.715242392,0,0xD5DF,0xE863,0xEC42,0xEC42,0x8140,0xEC98,0xEC98,0xE444,0xDFCB,0xDFCB,,0.739136832,0x8045,32837,0x818C,33164,0x8582,34178,0x85B7,34231,0xE04A,57418,0x85C9,34249,0x868D,34445,0x7F45,32581,0x8114,33044,0x80B0,32944
0.71525912,0,0xD866,0xE425,0xE644,0xE644,0x80F2,0xE61E,0xE61E,0xE563,0xE2EE,0xE2EE,,0.739306456,0x7F8E,32654,0x8188,33160,0x8447,33863,0x838D,33677,0xF03D,61501,0x8411,33809,0x8422,33826,0x7E00,32256,0x8079,32889,0x7FCD,32717
0.715275992,0,0x8190,0xC614,0xEFA0,0xEFA0,0x8B16,0xF0DB,0xF0DB,0xF3BE,0xEDA2,0xEDA2,,0.73947584,0x7EC6,32454,0x8186,33158,0x8361,33633,0x826A,33386,0xF903,63747,0x82ED,33517,0x82F5,33525,0x7C74,31860,0x7FD5,32725,0x7F35,32565
0.715293056,0,0xDF44,0xEE5D,0xE683,0xE683,0x8351,0xF158,0xF158,0xF63F,0xF1EE,0xF1EE,,0.739645384,0x7D6E,32110,0x8186,33158,0x8297,33431,0x81D2,33234,0xFBA5,64421,0x822C,33324,0x822E,33326,0x7C74,31860,0x7F1B,32539,0x7E49,32329
0.71530964,0,0xE60A,0xEF44,0xE5EC,0xE5EC,0x8226,0xED8F,0xED8F,0xF345,0xF12E,0xF12E,,0.73981616,0x7EC4,32452,0x8187,33159,0x820C,33292,0x814E,33102,0xF6D4,63188,0x819A,33178,0x8178,33144,0x9075,36981,0x7DDD,32221,0x7D04,32004
0.715326408,0,0xEF64,0xF71D,0xF119,0xF119,0x80F9,0xF1BD,0xF1BD,0xFC99,0xF36A,0xF36A,,0.739985432,0x8752,34642,0x818A,33162,0x81CE,33230,0x8028,32808,0xB384,45956,0x814A,33098,0x809B,32923,0xA8BA,43194,0x7CBA,31930,0x8345,33605
0.715343536,0,0xDB04,0xDF99,0xDA69,0xDA69,0x8172,0xE8D6,0xE8D6,0xDE98,0xDF97,0xDF97,,0.74015508,0x9E96,40598,0x818C,33164,0x8113,33043,0x7F40,32576,0x9A78,39544,0x809B,32923,0x7FD9,32729,0xC0EA,49386,0x83BB,33723,0x93AA,37802
0.715360312,0,0xDD34,0xDF46,0xD811,0xD811,0x8079,0xE5F1,0xE5F1,0xE0F3,0xE09F,0xE09F,,0.740324344,0xB838,47160,0x8190,33168,0x807E,32894,0x7E92,32402,0x8C49,35913,0x7FF4,32756,0x7F1E,32542,0xC0EA,49386,0x954D,38221,0xA766,42854
0.71537828,0,0xD00D,0xD00D,0xD00D,0xD00D,0xD00D,0xD00D,0xD00D,0xD00D,0xD00D,0xD00D,,0.740493776,0xCF68,53096,0x8194,33172,0x7FB6,32694,0x7D6C,32108,0x86C0,34496,0x7F86,32646,0x7DFF,32255,0xE8AA,59562,0xAE39,44601,0xBA60,47712
0.715395208,0,0xD233,0xD3A9,0xD384,0xD384,0x7F75,0xD677,0xD677,0xA0B7,0xD4DF,0xD4DF,,0.740663256,0xE05A,57434,0x8194,33172,0x7E3B,32315,0x7D11,32017,0x846A,33898,0x7EB5,32437,0x7CB8,31928,0xF26C,62060,0xC7FA,51194,0xCD05,52485
0.715411936,0,0xD3FD,0xE58E,0xED8A,0xED8A,0x7FE3,0xEED4,0xEED4,0xD2FD,0xCD67,0xCD67,,0.740832704,0xEE75,61045,0x818F,33167,0x7DBC,32188,0x86FE,34558,0x831C,33564,0x7D2C,32044,0x8353,33619,0xF26C,62060,0xDDFF,56831,0xDD93,56723
0.715428672,0,0xD889,0xE4C6,0xE8F3,0xE8F3,0x7F8B,0xE9E9,0xE9E9,0xD320,0xD53D,0xD53D,,0.7410024,0xF5AD,62893,0x818C,33164,0x8A17,35351,0x983F,38975,0x823C,33340,0x828A,33418,0x93F2,37874,0xF94B,63819,0xEDC2,60866,0xE9C2,59842
0.715445456,0,0x8193,0xACDB,0xEF37,0xEF37,0x8A09,0xF247,0xF247,0xD873,0xE58D,0xE58D,,0.74117156,0xF991,63889,0x818C,33164,0x9D9C,40348,0xAC4C,44108,0x8187,33159,0x94DE,38110,0xA70E,42766,0xF1E7,61927,0xF82D,63533,0xEE9D,61085
0.715462264,0,0xE042,0xEEDF,0xF0B0,0xF0B0,0x806A,0xF0EC,0xF0EC,0xEBA5,0xF1DC,0xF1DC,,0.74134376,0xF5E3,62947,0x818F,33167,0xB3FA,46074,0xBFD8,49112,0x810A,33034,0xAE1C,44572,0xBA77,47735,0xF1E7,61927,0xFBAF,64431,0xF226,61990
0.715479088,0,0xE652,0xECA0,0xEF80,0xEF80,0x7F05,0xEF2C,0xEF2C,0xEA26,0xF0BE,0xF0BE,,0.741513136,0xEAE5,60133,0x8190,33168,0xCC2D,52269,0xD1F5,53749,0x80BA,32954,0xC86F,51311,0xCD6F,52591,0x924B,37451,0xF82D,63533,0xEE77,61047
0.715495808,0,0xF0CE,0xF816,0xF41C,0xF41C,0x80A7,0xF4D7,0xF4D7,0xF20D,0xF56B,0xF56B,,0.741682512,0xD998,55704,0x8195,33173,0xE157,57687,0xDEBD,57021,0x7FEE,32750,0xDD38,56632,0xDC0D,56333,0xCDBD,52669,0xEDE2,60898,0xE78D,59277
0.7155128,0,0xDBD6,0xE110,0xDCCC,0xDCCC,0x800F,0xF559,0xF559,0xD8FB,0xDFA4,0xDFA4,,0.741851512,0xC264,49764,0x8191,33169,0xED8B,60811,0xE95B,59739,0x7F46,32582,0xEB10,60176,0xE717,59159,0x86DC,34524,0xDDAB,56747,0xDC46,56390
0.715529352,0,0xDD54,0xDEC8,0xDC17,0xDC17,0x7FAC,0xEF31,0xEF31,0xDD18,0xE000,0xE000,,0.742021416,0xA73C,42812,0x818F,33167,0xF207,61959,0xF197,61847,0x7EF0,32496,0xF4A8,62632,0xEB0D,60173,0x86DC,34524,0xC7D5,51157,0xCEE2,52962
0.7155474,0,0xD00D,0xD00D,0xD00D,0xD00D,0xD00D,0xD00D,0xD00D,0xD00D,0xD00D,0xD00D,,0.742330984,0x926F,37487,0x8190,33168,0xF5C7,62919,0xF3FD,62461,0x7D49,32073,0xFAA6,64166,0xEE24,60964,0x835C,33628,0xAD10,44304,0xBD30,48432
0.715564184,0,0xD150,0xD582,0xD34B,0xD34B,0x7F75,0xD677,0xD677,0x8FC5,0xD37D,0xD37D,,0.742499656,0x8932,35122,0x818E,33166,0xF4EA,62698,0xF19A,61850,0x7CE0,31968,0xF56D,62829,0xEF79,61305,0x8242,33346,0x95E4,38372,0xA719,42777
0.715580928,0,0xD5C4,0xD951,0xEE6D,0xEE6D,0x8696,0xF013,0xF013,0xB15D,0xB55B,0xB55B,,0.742669168,0x85C1,34241,0x818E,33166,0xEB24,60196,0xE99F,59807,0x8685,34437,0xEBA9,60329,0xEA0E,59918,0x8242,33346,0x8A94,35476,0x92E9,37609
0.715597704,0,0xD81E,0xDBBB,0xEA9D,0xEA9D,0x803B,0xEBA3,0xEBA3,0xA87A,0xC4A2,0xC4A2,,0.742840232,0x840B,33803,0x8190,33168,0xD9D9,55769,0xDD0E,56590,0x9BB9,39865,0xDE4A,56906,0xDEF8,57080,0x8147,33095,0x8651,34385,0x890E,35086
0.715614536,0,0x818C,0x95E4,0xF144,0xF144,0x8EEA,0xF339,0xF339,0xA7FD,0xDDF0,0xDDF0,,0.743012696,0x82F9,33529,0x8192,33170,0xC29D,49821,0xCD46,52550,0xB2DA,45786,0xCA01,51713,0xD0E6,53478,0x80BB,32955,0x81F9,33273,0x8235,33333
0.715631416,0,0xE491,0xEDC0,0xF874,0xF874,0x7B6C,0xEF34,0xEF34,0xD507,0xF1EF,0xF1EF,,0.743183312,0x8238,33336,0x8191,33169,0xA6E2,42722,0xBA16,47638,0xCA5D,51805,0xB01B,45083,0xBE31,48689,0x80BB,32955,0x8167,33127,0x81B9,33209
0.71564824,0,0xE76A,0xEADA,0xF407,0xF407,0x7A37,0xF042,0xF042,0xBEF2,0xEFB9,0xEFB9,,0.743353976,0x81B9,33209,0x8193,33171,0x922D,37421,0xA2BB,41659,0xE04A,57418,0x97F5,38901,0xA890,43152,0x7EF3,32499,0x8114,33044,0x80B0,32944
0.715664952,0,0xF1B6,0xF88A,0xF5C1,0xF5C1,0x7FD7,0xF6D3,0xF6D3,0xCD78,0xF7EF,0xF7EF,,0.743523448,0x814F,33103,0x818E,33166,0x8980,35200,0x8FF8,36856,0xF03D,61501,0x8411,33809,0x9410,37904,0x7EF3,32499,0x8079,32889,0x7FCD,32717
0.715681488,0,0xDD0F,0xE249,0xDCCB,0xDCCB,0x7F77,0xFAEB,0xFAEB,0xCB04,0xE11F,0xE11F,,0.743692704,0x80BE,32958,0x8188,33160,0x8668,34408,0x87C1,34753,0xF906,63750,0x82ED,33517,0x82F5,33525,0x7C74,31860,0x7FD5,32725,0x7F35,32565
0.715698152,0,0xDBDD,0xDE73,0xDC7F,0xDC7F,0x7F31,0xF3DC,0xF3DC,0xCB1B,0xE1DA,0xE1DA,,0.743863376,0x7FED,32749,0x818B,33163,0x84DA,34010,0x849E,33950,0xFBA5,64421,0x822C,33324,0x822E,33326,0x7C74,31860,0x7F1B,32539,0x7E49,32329
0.71571616,0,0xD00D,0xD00D,0xD00D,0xD00D,0xD00D,0xD00D,0xD00D,0xD00D,0xD00D,0xD00D,,0.744034192,0x7F45,32581,0x818E,33166,0x83D3,33747,0x82F4,33524,0xF6D4,63188,0x819A,33178,0x8178,33144,0x7F3E,32574,0x7DDD,32221,0x7D04,32004
0.715733112,0,0xD150,0xAFAB,0xD34B,0xD34B,0x7EFF,0xD736,0xD736,0x893E,0xD37D,0xD37D,,0.744203384,0x7E47,32327,0x8189,33161,0x82F5,33525,0x821C,33308,0xEB53,60243,0x814A,33098,0x809B,32923,0x9075,36981,0x7CBA,31930,0x8345,33605
0.715750016,0,0xD724,0xB1BA,0xED7E,0xED7E,0xB512,0xF046,0xF046,0x9C3B,0x9BF7,0x9BF7,,0.744373776,0x7CA7,31911,0x8188,33160,0x8243,33347,0x8195,33173,0xD9D3,55763,0x809B,32923,0x7FD9,32729,0xA8BA,43194,0x83BB,33723,0x93AA,37802
0.715766784,0,0xD6FA,0xB213,0xEB2D,0xEB2D,0xAE7E,0xE8E4,0xE8E4,0x90EC,0xAF5C,0xAF5C,,0.7445436,0x7FDD,32733,0x818C,33164,0x807E,32894,0x7E92,32402,0xC431,50225,0x7FF4,32756,0x7F1E,32542,0xD6C8,54984,0x954D,38221,0xA766,42854
0.715783496,0,0x8185,0x8A78,0xF265,0xF265,0xBB31,0xF392,0xF392,0x9033,0xD231,0xD231,,0.744713256,0x913E,37182,0x818E,33166,0x7FB6,32694,0x7D6C,32108,0xA9C1,43457,0x7F86,32646,0x7DFF,32255,0xD6C8,54984,0xAE39,44601,0xBA60,47712
0.715800528,0,0xE6E5,0xD844,0xF82A,0xF82A,0x9EDE,0xF1D1,0xF1D1,0xC4B2,0xF228,0xF228,,0.74488292,0xE05A,57434,0x8192,33170,0x7E3B,32315,0x7D11,32017,0x93BD,37821,0x7EB5,32437,0x7CB8,31928,0xE8AA,59562,0xC7FA,51194,0xCD05,52485
0.715817128,0,0xE7C6,0xD1A2,0xF29D,0xF29D,0x9D90,0xF0B2,0xF0B2,0x9CEE,0xF11E,0xF11E,,0.745054328,0xEE75,61045,0x8192,33170,0x7DBC,32188,0x86FE,34558,0x8985,35205,0x7D2C,32044,0x8353,33619,0xF26C,62060,0xDDFF,56831,0xDD93,56723
0.715833944,0,0xEF1B,0xDFAA,0xF671,0xF671,0x7C61,0xF76F,0xF76F,0xB296,0xFACE,0xFACE,,0.745223912,0xF5AD,62893,0x8192,33170,0x8A17,35351,0x983F,38975,0x85B2,34226,0x828A,33418,0x93F2,37874,0xF9BD,63933,0xEE33,60979,0xE9C2,59842
0.715851144,0,0xDA05,0xC6F6,0xDBF8,0xDBF8,0x96A2,0xF744,0xF744,0xBF19,0xE340,0xE340,,0.745393696,0xF991,63889,0x8193,33171,0x9D9C,40348,0xAC4C,44108,0x83DE,33758,0x94DE,38110,0xA70E,42766,0xF1E7,61927,0xF82D,63533,0xEE9D,61085
0.715867816,0,0xDA91,0xB921,0xDD5D,0xDD5D,0x9A7D,0xF350,0xF350,0xB786,0xE35C,0xE35C,,0.74556288,0xF5E3,62947,0x8198,33176,0xB3FA,46074,0xBFD8,49112,0x82BD,33469,0xAE1C,44572,0xBA77,47735,0xE3B5,58293,0xFBAF,64431,0xF226,61990
0.715885856,0,0xD00D,0xD00D,0xD00D,0xD00D,0xD00D,0xD00D,0xD00D,0xD00D,0xD00D,0xD00D,,0.745732584,0xEAE5,60133,0x8198,33176,0xCC2D,52269,0xD1F5,53749,0x81EE,33262,0xC86F,51311,0xCD6F,52591,0xE3B5,58293,0xF82D,63533,0xEE77,61047
0.715902688,0,0xD278,0xAFAB,0xD6FF,0xD6FF,0xA499,0xD7F9,0xD7F9,0x8469,0xBC57,0xBC57,,0.745903024,0xD998,55704,0x8194,33172,0xE157,57687,0xDEBD,57021,0x814D,33101,0xDD38,56632,0xDC67,56423,0xCDBD,52669,0xED8D,60813,0xE579,58745
0.715919448,0,0xD5A6,0x942B,0xECD6,0xECD6,0xD1E6,0xF225,0xF225,0x93D3,0x8D0C,0x8D0C,,0.746073544,0xC264,49764,0x818E,33166,0xED8B,60811,0xE95B,59739,0x80DE,32990,0xEB10,60176,0xE717,59159,0xB4AE,46254,0xDDAB,56747,0xDC46,56390
0.715935976,0,0xD77A,0x9430,0xEB1A,0xEB1A,0xD2A7,0xEBD0,0xEBD0,0x8973,0x98C4,0x98C4,,0.746241952,0xA73C,42812,0x818E,33166,0xF207,61959,0xF197,61847,0x8062,32866,0xF4A8,62632,0xEB0D,60173,0x8DD5,36309,0xC7D5,51157,0xCEE2,52962
0.71595296,0,0x818A,0x8638,0xF4DA,0xF4DA,0xDC79,0xF5B6,0xF5B6,0x88CF,0xB303,0xB303,,0.74641244,0x926F,37487,0x8190,33168,0xF5C7,62919,0xF3FD,62461,0x7FA2,32674,0xFAA6,64166,0xEE24,60964,0x8DD5,36309,0xAD10,44304,0xBD30,48432
0.71596948,0,0xE6D5,0xBAFE,0xEF3D,0xEF3D,0xC948,0xF604,0xF604,0xBCE8,0xDF1C,0xDF1C,,0.746583192,0x8932,35122,0x818E,33166,0xF4EA,62698,0xF19A,61850,0x7F04,32516,0xF56D,62829,0xEC0D,60429,0x887B,34939,0x95E4,38372,0xA719,42777
0.715986256,0,0xE821,0xAA7B,0xEBF9,0xEBF9,0xC823,0xF349,0xF349,0x8EEF,0xDED0,0xDED0,,0.746752688,0x85C1,34241,0x818E,33166,0xEB24,60196,0xE99F,59807,0x7E14,32276,0xEBA9,60329,0xEA0E,59918,0x8418,33816,0x8A94,35476,0x92E9,37609
0.71600304,0,0xF035,0xBB37,0xF4B3,0xF4B3,0x835C,0xFA58,0xFA58,0xA57A,0xE996,0xE996,,0.746922512,0x840B,33803,0x8190,33168,0xD9D9,55769,0xDD0E,56590,0x7C9F,31903,0xDE4A,56906,0xDEF8,57080,0x8418,33816,0x8651,34385,0x890E,35086
0.716019848,0,0xDAED,0x9FED,0xDDA2,0xDDA2,0xB116,0xF089,0xF089,0xB84E,0xC8BA,0xC8BA,,0.747228624,0x82F9,33529,0x8192,33170,0xC29D,49821,0xCD46,52550,0x7F2A,32554,0xCA01,51713,0xD0E6,53478,0x81ED,33261,0x8466,33894,0x855B,34139
0.7160366,0,0xDC04,0x96FE,0xDF02,0xDF02,0xB517,0xECC7,0xECC7,0xA94D,0xC251,0xC251,,0.747398104,0x8238,33336,0x8191,33169,0xA6E2,42722,0xBA16,47638,0x8EBB,36539,0xB01B,45083,0xBE31,48689,0x8177,33143,0x8346,33606,0x8382,33666
0.716055,0,0xD00D,0xD00D,0xD00D,0xD00D,0xD00D,0xD00D,0xD00D,0xD00D,0xD00D,0xD00D,,0.747567528,0x81B9,33209,0x8193,33171,0x922D,37421,0xA2BB,41659,0xA662,42594,0x97F5,38901,0xA890,43152,0x8126,33062,0x8263,33379,0x8280,33408
0.716071488,0,0xD278,0x893C,0xD6FF,0xD6FF,0xC540,0xD7F9,0xD7F9,0x8469,0x993B,0x993B,,0.747737184,0x814F,33103,0x818E,33166,0x8980,35200,0x8FF8,36856,0xBB4C,47948,0x8BB9,35769,0x9410,37904,0x8054,32852,0x81B1,33201,0x81FB,33275
0.716088288,0,0xD06C,0x897A,0xEE57,0xEE57,0xDD43,0xF1B8,0xF1B8,0x9024,0x872F,0x872F,,0.747908824,0x80BE,32958,0x8188,33160,0x8668,34408,0x87C1,34753,0xD2C8,53960,0x8738,34616,0x8955,35157,0x7F76,32630,0x8137,33079,0x816D,33133
0.71610516,0,0xD7F6,0x89E6,0xE995,0xE995,0xDF80,0xEA2E,0xEA2E,0x862E,0x8B76,0x8B76,,0.748080648,0x7FED,32749,0x818B,33163,0x84DA,34010,0x849E,33950,0xFBA5,64421,0x84FC,34044,0x854F,34127,0x7F76,32630,0x80DE,32990,0x8042,32834
0.716121904,0,0x818C,0x8444,0xF4C0,0xF4C0,0xE82F,0xF660,0xF660,0x8580,0x95EB,0x95EB,,0.748250024,0x7F45,32581,0x818E,33166,0x83D3,33747,0x82F4,33524,0xF6D4,63188,0x8380,33664,0x8389,33673,0x7D79,32121,0x802E,32814,0x7F83,32643
0.716138416,0,0xE078,0xAC6E,0xDFD5,0xDFD5,0xDCE5,0xF62C,0xF62C,0xB90D,0xBF31,0xBF31,,0.748419608,0x7E47,32327,0x8189,33161,0x82F5,33525,0x821C,33308,0xEB53,60243,0x828D,33421,0x8298,33432,0x7D79,32121,0x7F8F,32655,0x7ED9,32473
0.716155344,0,0xE737,0x9443,0xE0A7,0xE0A7,0xD916,0xF31B,0xF31B,0x88E0,0xB044,0xB044,,0.74858904,0x7CA7,31911,0x8188,33160,0x8243,33347,0x8195,33173,0xD9D3,55763,0x81DE,33246,0x81D1,33233,0x849D,33949,0x7E95,32405,0x7D90,32144
0.716172248,0,0xF1A5,0xA89E,0xEF39,0xEF39,0x968A,0xFA67,0xFA67,0x9EE5,0xC00C,0xC00C,,0.748758488,0x7FDD,32733,0x818C,33164,0x81E0,33248,0x808C,32908,0xC431,50225,0x816F,33135,0x812D,33069,0x849D,33949,0x7D34,32052,0x7E30,32304
0.716189248,0,0xDBC9,0x8D98,0xDB1B,0xDB1B,0xBCB6,0xE3C1,0xE3C1,0xB477,0xA026,0xA026,,0.748929056,0x913E,37182,0x818E,33166,0x8172,33138,0x7FBA,32698,0xA9C1,43457,0x8119,33049,0x8041,32833,0xB2A8,45736,0x7E0C,32268,0x896B,35179
0.71620608,0,0xDCE7,0x8A50,0xDD94,0xDD94,0xC254,0xE0DD,0xE0DD,0x9E6D,0x9B77,0x9B77,,0.749097504,0xA9E4,43492,0x8192,33170,0x80F5,33013,0x7E7D,32381,0x93BD,37821,0x8046,32838,0x7F8A,32650,0xB2A8,45736,0x8BFD,35837,0x9C71,40049
0.716224208,0,0xD00D,0xD00D,0xD00D,0xD00D,0xD00D,0xD00D,0xD00D,0xD00D,0xD00D,0xD00D,,0.749267016,0xC283,49795,0x8192,33170,0x8024,32804,0x7E24,32292,0x8985,35205,0x7FB8,32696,0x7E9F,32415,0xDA7D,55933,0xA1AF,41391,0xB0E2,45282
0.716241136,0,0xD17B,0x893C,0xD716,0xD716,0xC540,0xD413,0xD413,0x8214,0x993B,0x993B,,0.749436856,0xD863,55395,0x8192,33170,0x7F1F,32543,0x7CB3,31923,0x85B2,34226,0x7F45,32581,0x7D4C,32076,0xF9BD,63933,0xBB28,47912,0xC180,49536
0.716258192,0,0xD172,0x8581,0xF019,0xF019,0xE513,0xF14D,0xF14D,0x8E55,0x84CC,0x84CC,,0.749607128,0xE9D2,59858,0x8193,33171,0x7D68,32104,0x81DE,33246,0x83DE,33758,0x7E05,32261,0x7DF3,32243,0xEBA1,60321,0xD2CB,53963,0xCFDE,53214
0.71627544,0,0xD81F,0x85FE,0xEBAE,0xEBAE,0xE439,0xEBB0,0xEBB0,0x84A5,0x8656,0x8656,,0.749776456,0xF5AC,62892,0x8198,33176,0x8074,32884,0x8ED3,36563,0x82BD,33469,0x7DF6,32246,0x8921,35105,0xE3B5,58293,0xE5FE,58878,0xE0C3,57539
0.716292056,0,0x818E,0x8322,0xF53F,0xF53F,0xEC95,0xF612,0xF612,0x8411,0x8A17,0x8A17,,0.749947072,0xFB5C,64348,0x8198,33176,0x90C3,37059,0xA286,41606,0x81EE,33262,0x87EE,34798,0x9BC6,39878,0xE3B5,58293,0xEF7E,61310,0xECFD,60669
0.716308888,0,0xDF23,0xA5FB,0xC9D9,0xC9D9,0xE4B7,0xF675,0xF675,0xB6B1,0xAD8E,0xAD8E,,0.750116696,0xFA55,64085,0x8194,33172,0xA892,43154,0xB5F9,46585,0x814D,33101,0x9DED,40429,0xAFB9,44985,0xB4AE,46254,0xF655,63061,0xF30A,62218
0.716325688,0,0xE63F,0x8B3E,0xD36E,0xD36E,0xE12B,0xF372,0xF372,0x8610,0x9488,0x9488,,0.750285896,0xF248,62024,0x818E,33166,0xC1EB,49643,0xC613,50707,0x80DE,32990,0xB927,47399,0xC347,49991,0xB4AE,46254,0xF9BC,63932,0xF454,62548
0.7163424,0,0xF20D,0xA09E,0xE648,0xE648,0xAE70,0xF719,0xF719,0x9B25,0xA684,0xA684,,0.75045552,0xE415,58389,0x818E,33166,0xD780,55168,0xD4A1,54433,0x8062,32866,0xD1A3,53667,0xD4C1,54465,0x8DD5,36309,0xF45C,62556,0xEFD6,61398
0.716359136,0,0xDC0B,0x87C6,0xD8A7,0xD8A7,0xC5E0,0xD03F,0xD03F,0xB23E,0x8D94,0x8D94,,0.750624392,0xCFE3,53219,0x8189,33161,0xE7CA,59338,0xE32E,58158,0x7FA2,32674,0xE381,58241,0xE2F9,58105,0x8DD5,36309,0xAD10,44304,0xBD30,48432
0.716375888,0,0xDD16,0x8607,0xDCCC,0xDCCC,0xCB88,0xD2A7,0xD2A7,0x9678,0x8B5D,0x8B5D,,0.75079332,0xB5B7,46519,0x8187,33159,0xF294,62100,0xEE57,61015,0x7F04,32516,0xEFBF,61375,0xED3E,60734,0x85D7,34263,0x9719,38681,0xA52C,42284
0.716394208,0,0xD00D,0xD00D,0xD00D,0xD00D,0xD00D,0xD00D,0xD00D,0xD00D,0xD00D,0xD00D,,0.750965008,0x9C09,39945,0x818C,33164,0xF904,63748,0xF3C7,62407,0x7E14,32276,0xF8ED,63725,0xF2CD,62157,0x8418,33816,0x8A94,35476,0x92E9,37609
0.71641096,0,0xD1FA,0x8467,0xD8EB,0xD8EB,0xCF07,0xD413,0xD413,0x8214,0x8AD4,0x8AD4,,0.751134584,0x8D17,36119,0x8191,33169,0xF473,62579,0xF3FB,62459,0x7C9F,31903,0xFB6B,64363,0xF372,62322,0x8418,33816,0x8651,34385,0x890E,35086
0.716427728,0,0xD596,0x83B7,0xF29C,0xF29C,0xE8E6,0xF088,0xF088,0x8D32,0x838C,0x838C,,0.75130424,0x8744,34628,0x8194,33172,0xEDFD,60925,0xEC4F,60495,0x7F2A,32554,0xCA01,51713,0xD0E6,53478,0x81ED,33261,0x8466,33894,0x855B,34139
0.716444536,0,0xD857,0x8432,0xEF4D,0xEF4D,0xE673,0xEECD,0xEECD,0x83D3,0x8412,0x8412,,0.751473576,0x84DE,34014,0x8195,33173,0xE373,58227,0xE2A3,58019,0x8EBB,36539,0xB01B,45083,0xBC0D,48141,0x81ED,33261,0x8346,33606,0x8382,33666
0.716461368,0,0x8191,0x8256,0xF78D,0xF78D,0xEEA0,0xF5BF,0xF5BF,0x833E,0x860A,0x860A,,0.751643248,0x8387,33671,0x8192,33170,0xD05E,53342,0xD595,54677,0xA662,42594,0x97F5,38901,0xA890,43152,0x8126,33062,0x8263,33379,0x8280,33408
0.716478264,0,0xE412,0xA400,0xAFD4,0xAFD4,0xE947,0xF82B,0xF82B,0xB5EA,0xA622,0xA622,,0.751813216,0x8298,33432,0x8193,33171,0xB543,46403,0xC49B,50331,0xBB4C,47948,0x8BB9,35769,0x9410,37904,0x8126,33062,0x81B1,33201,0x81FB,33275
0.7164954,0,0xE62D,0x870D,0xC247,0xC247,0xE698,0xF54E,0xF54E,0x83FD,0x8ADF,0x8ADF,,0.752119688,0x81F5,33269,0x818F,33167,0x9B70,39792,0xB05F,45151,0xD2C8,53960,0x8738,34616,0x8955,35157,0x8054,32852,0x8137,33079,0x816D,33133
0.716512064,0,0xF238,0x9CB0,0xDCED,0xDCED,0xC6C1,0xF614,0xF614,0x98CA,0x9CAA,0x9CAA,,0.752288416,0x8188,33160,0x818C,33164,0x8D11,36113,0x996E,39278,0xE782,59266,0x84FC,34044,0x854F,34127,0x7F76,32630,0x80DE,32990,0x8042,32834
0.716528888,0,0xDA31,0x854C,0xD951,0xD951,0xCBB9,0xB744,0xB744,0xB103,0x87E2,0x87E2,,0.752457528,0x8128,33064,0x818B,33163,0x83D3,33747,0x82F4,33524,0xF4B5,62645,0x8380,33664,0x8389,33673,0x7D79,32121,0x802E,32814,0x7F83,32643
0.716545744,0,0xDD2A,0x8414,0xDD19,0xDD19,0xD1F7,0xC2D2,0xC2D2,0x92AF,0x864A,0x864A,,0.752628536,0x8093,32915,0x818C,33164,0x82F5,33525,0x821C,33308,0xFAFC,64252,0x828D,33421,0x8298,33432,0x7D79,32121,0x7F8F,32655,0x7ED9,32473
0.716563656,0,0xD00D,0xD00D,0xD00D,0xD00D,0xD00D,0xD00D,0xD00D,0xD00D,0xD00D,0xD00D,,0.7527982,0x7CA7,31911,0x8191,33169,0x8243,33347,0x8195,33173,0xFA89,64137,0x81DE,33246,0x81D1,33233,0x849D,33949,0x7E95,32405,0x7D90,32144
0.716580384,0,0xD272,0x8467,0xD8EB,0xD8EB,0xCF07,0xD1C6,0xD1C6,0x8130,0x86D4,0x86D4,,0.75297044,0x7FDD,32733,0x8192,33170,0x81E0,33248,0x808C,32908,0xF2E4,62180,0x816F,33135,0x812D,33069,0x849D,33949,0x7D34,32052,0x7E30,32304
0.71659736,0,0xD707,0x82E4,0xF467,0xF467,0xEA76,0xF207,0xF207,0x8B00,0x82A2,0x82A2,,0.75314076,0x913E,37182,0x8190,33168,0x8172,33138,0x7FBA,32698,0xE4BE,58558,0x8119,33049,0x8041,32833,0xB2A8,45736,0x7E0C,32268,0x896B,35179
0.716614176,0,0xD880,0x835D,0xF046,0xF046,0xE794,0xF227,0xF227,0x80F7,0x82CE,0x82CE,,0.753309928,0xA9E4,43492,0x8191,33169,0x80C3,32963,0x7EF5,32501,0xD0E0,53472,0x8046,32838,0x7F8A,32650,0xB2A8,45736,0x8BFD,35837,0x9C71,40049
0.71663096,0,0x8189,0x81CD,0xF6B6,0xF6B6,0xEF93,0xF6D9,0xF6D9,0x7FD8,0x8425,0x8425,,0.753479432,0xC283,49795,0x8192,33170,0x8024,32804,0x7E24,32292,0xB7D8,47064,0x7FB8,32696,0x7E9F,32415,0xDA7D,55933,0xA1AF,41391,0xB0E2,45282
0.716647792,0,0xE7A6,0xA242,0x97EF,0x97EF,0xEC34,0xFA3F,0xFA3F,0xB226,0xA24D,0xA24D,,0.753648736,0xD863,55395,0x818D,33165,0x7F1F,32543,0x7CB3,31923,0x9DB1,40369,0x7F45,32581,0x7D4C,32076,0xEBA1,60321,0xBB28,47912,0xC180,49536
0.716664592,0,0xE5A1,0x84ED,0xABB8,0xABB8,0xE9B2,0xF743,0xF743,0x8152,0x86CE,0x86CE,,0.753817808,0xE9D2,59858,0x818F,33167,0x7D68,32104,0x81DE,33246,0x8DC1,36289,0x7E05,32261,0x7DF3,32243,0xEBA1,60321,0xD2CB,53963,0xCFDE,53214
0.716681464,0,0xF257,0x99F9,0xD136,0xD136,0xDA51,0xFB86,0xFB86,0x9613,0x9848,0x9848,,0.75398964,0xF5AC,62892,0x818F,33167,0x80D3,32979,0x8F6F,36719,0x8756,34646,0x7DF6,32246,0x8921,35105,0xFB32,64306,0xE5FE,58878,0xE0C3,57539
0.716698128,0,0xDA75,0x8444,0xD3AC,0xD3AC,0xD15A,0x9D36,0x9D36,0xAEE1,0x8562,0x8562,,0.754160544,0xFB5C,64348,0x8192,33170,0x90C3,37059,0xA286,41606,0x84BB,33979,0x87EE,34798,0x9BC6,39878,0xFB32,64306,0xEF7E,61310,0xECFD,60669
0.716715248,0,0xDD31,0x8337,0xD53F,0xD53F,0xD572,0xAEEB,0xAEEB,0x90FC,0x840F,0x840F,,0.754330304,0xFA55,64085,0x809E,32926,0xA892,43154,0xB5F9,46585,0x834C,33612,0x9DED,40429,0xAFB9,44985,0xECED,60653,0xF655,63061,0xF30A,62218
0.71673324,0,0xD00D,0xD00D,0xD00D,0xD00D,0xD00D,0xD00D,0xD00D,0xD00D,0xD00C,0xD00C,,0.754499912,0xF248,62024,0x818E,33166,0xC1EB,49643,0xC613,50707,0x8255,33365,0xB927,47399,0xC347,49991,0xECED,60653,0xF9BC,63932,0xF454,62548
0.716749936,0,0xD291,0x816A,0xBDBB,0xBDBB,0xD322,0xD1C6,0xD1C6,0x8130,0x84CA,0x84CA,,0.754669224,0xE415,58389,0x818E,33166,0xD780,55168,0xD4A1,54433,0x819D,33181,0xD1A3,53667,0xD4C1,54465,0xC648,50760,0xF45C,62556,0xEFD6,61398
0.716766672,0,0xD6F7,0x8167,0xD188,0xD188,0xEC2B,0xD989,0xD989,0x8A21,0x81E1,0x81E1,,0.754838992,0xCFE3,53219,0x8189,33161,0xE7CA,59338,0xE32E,58158,0x8117,33047,0xE381,58241,0xE2F9,58105,0xC648,50760,0xE809,59401,0xE4DA,58586
0.716783472,0,0xD693,0x8224,0xC8C0,0xC8C0,0xE8E9,0xD53F,0xD53F,0x8033,0x8246,0x8246,,0.755009144,0xB5B7,46519,0x8187,33159,0xF294,62100,0xEE57,61015,0x80C2,32962,0xEFBF,61375,0xED3E,60734,0x94CE,38094,0xD42C,54316,0xD6CF,54991
0.716800256,0,0x8187,0x8168,0xD45A,0xD45A,0xF0B7,0xDCFC,0xDCFC,0x7F0C,0x8253,0x8253,,0.755178768,0x9C09,39945,0x818C,33164,0xF904,63748,0xF3C7,62407,0x800D,32781,0xF8ED,63725,0xF2CD,62157,0x94CE,38094,0xBB3E,47934,0xC79D,51101
0.716817248,0,0xE872,0xA168,0x8B9E,0x8B9E,0xEEA6,0xD998,0xD998,0xB1AC,0xA124,0xA124,,0.755348256,0x8D17,36119,0x8191,33169,0xF473,62579,0xF3FB,62459,0x7F5F,32607,0xFB6B,64363,0xF372,62322,0x8757,34647,0xA187,41351,0xB595,46485
0.716834088,0,0xE612,0x820E,0x9569,0x9569,0xEBFC,0xD52C,0xD52C,0x8073,0x8446,0x8446,,0.755517536,0x8744,34628,0x8194,33172,0xEDFD,60925,0xEC4F,60495,0x7EB0,32432,0xF5BD,62909,0xEF4F,61263,0x8757,34647,0x8FCD,36813,0x9EDA,40666
0.716850864,0,0xF257,0x973F,0xAC9B,0xAC9B,0xE80F,0xE10F,0xE10F,0x9602,0x967B,0x967B,,0.755686768,0x84DE,34014,0x8195,33173,0xE373,58227,0xE2A3,58019,0x7D70,32112,0xE903,59651,0xE5DA,58842,0x8398,33688,0x8838,34872,0x8E26,36390
0.716867744,0,0xDC38,0x819C,0xAF18,0xAF18,0xD837,0x8DDA,0x8DDA,0xADA6,0x847B,0x847B,,0.755856568,0x8387,33671,0x8192,33170,0xD05E,53342,0xD595,54677,0xA662,42594,0xD519,54553,0xD871,55409,0x826E,33390,0x8551,34129,0x8743,34627
0.71688456,0,0xDD2E,0x805F,0xAEBC,0xAEBC,0xD8FE,0x98C3,0x98C3,0x9354,0x8325,0x8325,,0.756025272,0x8298,33432,0x8193,33171,0xB543,46403,0xC49B,50331,0xBB4C,47948,0xBE1F,48671,0xC811,51217,0x826E,33390,0x83DC,33756,0x8484,33924
0.716902552,0,0xD00D,0xD00D,0xD00D,0xD00D,0xD00D,0xD00D,0xD00D,0xD00D,0xD00D,0xD00D,,0.756196048,0x81F5,33269,0x818F,33167,0x9B70,39792,0xB05F,45151,0xD2C8,53960,0xA3DB,41947,0xB5A6,46502,0x81BD,33213,0x82DC,33500,0x8303,33539
